{
"type": "FeatureCollection",
"name": "hed_tob_potential_zone",
"crs": { "type": "name", "properties": { "name": "urn:ogc:def:crs:EPSG::32647" } },
"features": [
{ "type": "Feature", "properties": { "DN": 1, "area_rai": 2 }, "geometry": { "type": "MultiPolygon", "coordinates": [ [ [ [ 515145.657705964345951, 2093722.588939060457051 ], [ 515176.100197642983403, 2093722.588939060457051 ], [ 515176.100197642983403, 2093600.818972336128354 ], [ 515145.657705964345951, 2093600.818972336128354 ], [ 515145.657705964345951, 2093722.588939060457051 ] ] ] ] } },
{ "type": "Feature", "properties": { "DN": 0, "area_rai": 1 }, "geometry": { "type": "MultiPolygon", "coordinates": [ [ [ [ 515145.657705964345951, 2093600.818972336128354 ], [ 515176.100197642983403, 2093600.818972336128354 ], [ 515176.100197642983403, 2093570.37648065504618 ], [ 515145.657705964345951, 2093570.37648065504618 ], [ 515145.657705964345951, 2093600.818972336128354 ] ] ] ] } },
{ "type": "Feature", "properties": { "DN": 0, "area_rai": 5 }, "geometry": { "type": "MultiPolygon", "coordinates": [ [ [ [ 515176.100197642983403, 2093570.37648065504618 ], [ 515206.542689321620855, 2093570.37648065504618 ], [ 515206.542689321620855, 2093479.049005611799657 ], [ 515267.42767267889576, 2093479.049005611799657 ], [ 515267.42767267889576, 2093387.721530568553135 ], [ 515236.985181000258308, 2093387.721530568553135 ], [ 515236.985181000258308, 2093418.164022249635309 ], [ 515206.542689321620855, 2093418.164022249635309 ], [ 515206.542689321620855, 2093448.606513930717483 ], [ 515176.100197642983403, 2093448.606513930717483 ], [ 515176.100197642983403, 2093570.37648065504618 ] ] ] ] } },
{ "type": "Feature", "properties": { "DN": 1, "area_rai": 1 }, "geometry": { "type": "MultiPolygon", "coordinates": [ [ [ [ 515206.542689321620855, 2093509.491497292881832 ], [ 515236.985181000258308, 2093509.491497292881832 ], [ 515236.985181000258308, 2093479.049005611799657 ], [ 515206.542689321620855, 2093479.049005611799657 ], [ 515206.542689321620855, 2093509.491497292881832 ] ] ] ] } },
{ "type": "Feature", "properties": { "DN": 1, "area_rai": 3 }, "geometry": { "type": "MultiPolygon", "coordinates": [ [ [ [ 515267.42767267889576, 2093479.049005611799657 ], [ 515297.870164357533213, 2093479.049005611799657 ], [ 515297.870164357533213, 2093448.606513930717483 ], [ 515358.755147714866325, 2093448.606513930717483 ], [ 515358.755147714866325, 2093418.164022249635309 ], [ 515297.870164357533213, 2093418.164022249635309 ], [ 515297.870164357533213, 2093387.721530568553135 ], [ 515267.42767267889576, 2093387.721530568553135 ], [ 515267.42767267889576, 2093479.049005611799657 ] ] ] ] } },
{ "type": "Feature", "properties": { "DN": 1, "area_rai": 3 }, "geometry": { "type": "MultiPolygon", "coordinates": [ [ [ [ 515450.082622750778683, 2093083.296613757731393 ], [ 515510.967606108053587, 2093083.296613757731393 ], [ 515510.967606108053587, 2092991.96913871448487 ], [ 515450.082622750778683, 2092991.96913871448487 ], [ 515450.082622750778683, 2093083.296613757731393 ] ] ] ] } },
{ "type": "Feature", "properties": { "DN": 0, "area_rai": 13 }, "geometry": { "type": "MultiPolygon", "coordinates": [ [ [ [ 515389.197639393503778, 2092687.544221903663129 ], [ 515480.525114429416135, 2092687.544221903663129 ], [ 515480.525114429416135, 2092657.101730222348124 ], [ 515510.967606108053587, 2092657.101730222348124 ], [ 515510.967606108053587, 2092535.331763498019427 ], [ 515450.082622750778683, 2092535.331763498019427 ], [ 515450.082622750778683, 2092504.889271816937253 ], [ 515419.64013107214123, 2092504.889271816937253 ], [ 515419.64013107214123, 2092444.004288454772905 ], [ 515389.197639393503778, 2092444.004288454772905 ], [ 515389.197639393503778, 2092687.544221903663129 ] ] ] ] } },
{ "type": "Feature", "properties": { "DN": 1, "area_rai": 9 }, "geometry": { "type": "MultiPolygon", "coordinates": [ [ [ [ 515510.967606108053587, 2092657.101730222348124 ], [ 515602.295081143965945, 2092657.101730222348124 ], [ 515602.295081143965945, 2092626.65923854126595 ], [ 515632.737572822661605, 2092626.65923854126595 ], [ 515632.737572822661605, 2092596.216746860183775 ], [ 515663.180064501299057, 2092596.216746860183775 ], [ 515663.180064501299057, 2092565.774255179101601 ], [ 515602.295081143965945, 2092565.774255179101601 ], [ 515602.295081143965945, 2092504.889271816937253 ], [ 515571.852589465328492, 2092504.889271816937253 ], [ 515571.852589465328492, 2092535.331763498019427 ], [ 515510.967606108053587, 2092535.331763498019427 ], [ 515510.967606108053587, 2092657.101730222348124 ] ] ] ] } },
{ "type": "Feature", "properties": { "DN": 0, "area_rai": 2 }, "geometry": { "type": "MultiPolygon", "coordinates": [ [ [ [ 515510.967606108053587, 2092535.331763498019427 ], [ 515571.852589465328492, 2092535.331763498019427 ], [ 515571.852589465328492, 2092444.004288454772905 ], [ 515541.41009778669104, 2092444.004288454772905 ], [ 515541.41009778669104, 2092504.889271816937253 ], [ 515510.967606108053587, 2092504.889271816937253 ], [ 515510.967606108053587, 2092535.331763498019427 ] ] ] ] } },
{ "type": "Feature", "properties": { "DN": 1, "area_rai": 2 }, "geometry": { "type": "MultiPolygon", "coordinates": [ [ [ [ 515541.41009778669104, 2092444.004288454772905 ], [ 515571.852589465328492, 2092444.004288454772905 ], [ 515571.852589465328492, 2092413.56179677369073 ], [ 515602.295081143965945, 2092413.56179677369073 ], [ 515602.295081143965945, 2092383.119305092608556 ], [ 515571.852589465328492, 2092383.119305092608556 ], [ 515571.852589465328492, 2092352.676813411526382 ], [ 515541.41009778669104, 2092352.676813411526382 ], [ 515541.41009778669104, 2092444.004288454772905 ] ] ] ] } },
{ "type": "Feature", "properties": { "DN": 0, "area_rai": 3 }, "geometry": { "type": "MultiPolygon", "coordinates": [ [ [ [ 515571.852589465328492, 2092383.119305092608556 ], [ 515602.295081143965945, 2092383.119305092608556 ], [ 515602.295081143965945, 2092352.676813411526382 ], [ 515632.737572822661605, 2092352.676813411526382 ], [ 515632.737572822661605, 2092322.234321730444208 ], [ 515602.295081143965945, 2092322.234321730444208 ], [ 515602.295081143965945, 2092261.349338368279859 ], [ 515571.852589465328492, 2092261.349338368279859 ], [ 515571.852589465328492, 2092383.119305092608556 ] ] ] ] } },
{ "type": "Feature", "properties": { "DN": 0, "area_rai": 1 }, "geometry": { "type": "MultiPolygon", "coordinates": [ [ [ [ 515084.772722607071046, 2092322.234321730444208 ], [ 515115.215214285708498, 2092322.234321730444208 ], [ 515115.215214285708498, 2092291.791830049362034 ], [ 515084.772722607071046, 2092291.791830049362034 ], [ 515084.772722607071046, 2092322.234321730444208 ] ] ] ] } },
{ "type": "Feature", "properties": { "DN": 0, "area_rai": 1 }, "geometry": { "type": "MultiPolygon", "coordinates": [ [ [ [ 515023.887739249796141, 2092291.791830049362034 ], [ 515084.772722607071046, 2092291.791830049362034 ], [ 515084.772722607071046, 2092261.349338368279859 ], [ 515023.887739249796141, 2092261.349338368279859 ], [ 515023.887739249796141, 2092291.791830049362034 ] ] ] ] } },
{ "type": "Feature", "properties": { "DN": 1, "area_rai": 1 }, "geometry": { "type": "MultiPolygon", "coordinates": [ [ [ [ 515632.737572822661605, 2092170.021863325033337 ], [ 515663.180064501299057, 2092170.021863325033337 ], [ 515663.180064501299057, 2092139.579371643951163 ], [ 515632.737572822661605, 2092139.579371643951163 ], [ 515632.737572822661605, 2092170.021863325033337 ] ] ] ] } },
{ "type": "Feature", "properties": { "DN": 1, "area_rai": 1 }, "geometry": { "type": "MultiPolygon", "coordinates": [ [ [ [ 515663.180064501299057, 2092109.136879962868989 ], [ 515693.62255617993651, 2092109.136879962868989 ], [ 515693.62255617993651, 2092048.25189660070464 ], [ 515663.180064501299057, 2092048.25189660070464 ], [ 515663.180064501299057, 2092109.136879962868989 ] ] ] ] } },
{ "type": "Feature", "properties": { "DN": 0, "area_rai": 1 }, "geometry": { "type": "MultiPolygon", "coordinates": [ [ [ [ 515693.62255617993651, 2092017.809404919622466 ], [ 515724.065047858573962, 2092017.809404919622466 ], [ 515724.065047858573962, 2091956.924421557458118 ], [ 515693.62255617993651, 2091956.924421557458118 ], [ 515693.62255617993651, 2092017.809404919622466 ] ] ] ] } },
{ "type": "Feature", "properties": { "DN": 0, "area_rai": 1 }, "geometry": { "type": "MultiPolygon", "coordinates": [ [ [ [ 515906.719997930398677, 2091865.596946514211595 ], [ 515937.162489609094337, 2091865.596946514211595 ], [ 515937.162489609094337, 2091835.154454833129421 ], [ 515906.719997930398677, 2091835.154454833129421 ], [ 515906.719997930398677, 2091865.596946514211595 ] ] ] ] } },
{ "type": "Feature", "properties": { "DN": 0, "area_rai": 1 }, "geometry": { "type": "MultiPolygon", "coordinates": [ [ [ [ 515937.162489609094337, 2091835.154454833129421 ], [ 515967.604981287731789, 2091835.154454833129421 ], [ 515967.604981287731789, 2091804.711963152047247 ], [ 515937.162489609094337, 2091804.711963152047247 ], [ 515937.162489609094337, 2091835.154454833129421 ] ] ] ] } },
{ "type": "Feature", "properties": { "DN": 1, "area_rai": 2 }, "geometry": { "type": "MultiPolygon", "coordinates": [ [ [ [ 515998.047472966369241, 2091682.94199642771855 ], [ 516028.489964645006694, 2091682.94199642771855 ], [ 516028.489964645006694, 2091591.614521384472027 ], [ 515998.047472966369241, 2091591.614521384472027 ], [ 515998.047472966369241, 2091682.94199642771855 ] ] ] ] } },
{ "type": "Feature", "properties": { "DN": 0, "area_rai": 3 }, "geometry": { "type": "MultiPolygon", "coordinates": [ [ [ [ 515845.835014573123772, 2091500.287046341225505 ], [ 515876.277506251761224, 2091500.287046341225505 ], [ 515876.277506251761224, 2091408.959571297746152 ], [ 515815.392522894486319, 2091408.959571297746152 ], [ 515815.392522894486319, 2091469.844554660143331 ], [ 515845.835014573123772, 2091469.844554660143331 ], [ 515845.835014573123772, 2091500.287046341225505 ] ] ] ] } },
{ "type": "Feature", "properties": { "DN": 1, "area_rai": 2 }, "geometry": { "type": "MultiPolygon", "coordinates": [ [ [ [ 515845.835014573123772, 2091408.959571297746152 ], [ 515906.719997930398677, 2091408.959571297746152 ], [ 515906.719997930398677, 2091348.074587935581803 ], [ 515876.277506251761224, 2091348.074587935581803 ], [ 515876.277506251761224, 2091378.517079616896808 ], [ 515845.835014573123772, 2091378.517079616896808 ], [ 515845.835014573123772, 2091408.959571297746152 ] ] ] ] } },
{ "type": "Feature", "properties": { "DN": 1, "area_rai": 1 }, "geometry": { "type": "MultiPolygon", "coordinates": [ [ [ [ 529240.531353176222183, 2090404.357345822034404 ], [ 529301.416336533497088, 2090404.357345822034404 ], [ 529301.416336533497088, 2090373.914854140952229 ], [ 529240.531353176222183, 2090373.914854140952229 ], [ 529240.531353176222183, 2090404.357345822034404 ] ] ] ] } },
{ "type": "Feature", "properties": { "DN": 1, "area_rai": 8 }, "geometry": { "type": "MultiPolygon", "coordinates": [ [ [ [ 525496.104876703117043, 2090404.357345822034404 ], [ 525587.4323517390294, 2090404.357345822034404 ], [ 525587.4323517390294, 2090373.914854140952229 ], [ 525617.874843417666852, 2090373.914854140952229 ], [ 525617.874843417666852, 2090313.029870778787881 ], [ 525465.662385024363175, 2090313.029870778787881 ], [ 525465.662385024363175, 2090373.914854140952229 ], [ 525496.104876703117043, 2090373.914854140952229 ], [ 525496.104876703117043, 2090404.357345822034404 ] ] ] ] } },
{ "type": "Feature", "properties": { "DN": 1, "area_rai": 1 }, "geometry": { "type": "MultiPolygon", "coordinates": [ [ [ [ 529301.416336533497088, 2090373.914854140952229 ], [ 529331.85882821213454, 2090373.914854140952229 ], [ 529331.85882821213454, 2090343.472362459870055 ], [ 529301.416336533497088, 2090343.472362459870055 ], [ 529301.416336533497088, 2090373.914854140952229 ] ] ] ] } },
{ "type": "Feature", "properties": { "DN": 1, "area_rai": 1 }, "geometry": { "type": "MultiPolygon", "coordinates": [ [ [ [ 515389.197639393503778, 2090282.587379097705707 ], [ 515450.082622750778683, 2090282.587379097705707 ], [ 515450.082622750778683, 2090252.144887416623533 ], [ 515389.197639393503778, 2090252.144887416623533 ], [ 515389.197639393503778, 2090282.587379097705707 ] ] ] ] } },
{ "type": "Feature", "properties": { "DN": 1, "area_rai": 1 }, "geometry": { "type": "MultiPolygon", "coordinates": [ [ [ [ 517002.649698361579794, 2090282.587379097705707 ], [ 517033.092190040217247, 2090282.587379097705707 ], [ 517033.092190040217247, 2090252.144887416623533 ], [ 517002.649698361579794, 2090252.144887416623533 ], [ 517002.649698361579794, 2090282.587379097705707 ] ] ] ] } },
{ "type": "Feature", "properties": { "DN": 1, "area_rai": 1 }, "geometry": { "type": "MultiPolygon", "coordinates": [ [ [ [ 516972.207206682942342, 2090252.144887416623533 ], [ 517002.649698361579794, 2090252.144887416623533 ], [ 517002.649698361579794, 2090221.702395735541359 ], [ 516972.207206682942342, 2090221.702395735541359 ], [ 516972.207206682942342, 2090252.144887416623533 ] ] ] ] } },
{ "type": "Feature", "properties": { "DN": 1, "area_rai": 9 }, "geometry": { "type": "MultiPolygon", "coordinates": [ [ [ [ 529362.301319890771993, 2090343.472362459870055 ], [ 529423.186303248046897, 2090343.472362459870055 ], [ 529423.186303248046897, 2090313.029870778787881 ], [ 529453.62879492668435, 2090313.029870778787881 ], [ 529453.62879492668435, 2090282.587379097705707 ], [ 529544.956269962596707, 2090282.587379097705707 ], [ 529544.956269962596707, 2090252.144887416623533 ], [ 529575.398761641234159, 2090252.144887416623533 ], [ 529575.398761641234159, 2090221.702395735541359 ], [ 529514.513778283959255, 2090221.702395735541359 ], [ 529514.513778283959255, 2090252.144887416623533 ], [ 529423.186303248046897, 2090252.144887416623533 ], [ 529423.186303248046897, 2090221.702395735541359 ], [ 529331.85882821213454, 2090221.702395735541359 ], [ 529331.85882821213454, 2090252.144887416623533 ], [ 529362.301319890771993, 2090252.144887416623533 ], [ 529362.301319890771993, 2090343.472362459870055 ] ] ] ] } },
{ "type": "Feature", "properties": { "DN": 1, "area_rai": 1 }, "geometry": { "type": "MultiPolygon", "coordinates": [ [ [ [ 514993.445247571100481, 2090191.259904054459184 ], [ 515023.887739249796141, 2090191.259904054459184 ], [ 515023.887739249796141, 2090160.81741237314418 ], [ 514993.445247571100481, 2090160.81741237314418 ], [ 514993.445247571100481, 2090191.259904054459184 ] ] ] ] } },
{ "type": "Feature", "properties": { "DN": 1, "area_rai": 1 }, "geometry": { "type": "MultiPolygon", "coordinates": [ [ [ [ 514963.002755892463028, 2090008.604953967733309 ], [ 514993.445247571100481, 2090008.604953967733309 ], [ 514993.445247571100481, 2089978.162462286651134 ], [ 514963.002755892463028, 2089978.162462286651134 ], [ 514963.002755892463028, 2090008.604953967733309 ] ] ] ] } },
{ "type": "Feature", "properties": { "DN": 1, "area_rai": 8 }, "geometry": { "type": "MultiPolygon", "coordinates": [ [ [ [ 515450.082622750778683, 2090008.604953967733309 ], [ 515510.967606108053587, 2090008.604953967733309 ], [ 515510.967606108053587, 2089978.162462286651134 ], [ 515541.41009778669104, 2089978.162462286651134 ], [ 515541.41009778669104, 2090008.604953967733309 ], [ 515602.295081143965945, 2090008.604953967733309 ], [ 515602.295081143965945, 2089947.71997060556896 ], [ 515571.852589465328492, 2089947.71997060556896 ], [ 515571.852589465328492, 2089917.277478924486786 ], [ 515541.41009778669104, 2089917.277478924486786 ], [ 515541.41009778669104, 2089947.71997060556896 ], [ 515510.967606108053587, 2089947.71997060556896 ], [ 515510.967606108053587, 2089917.277478924486786 ], [ 515419.64013107214123, 2089917.277478924486786 ], [ 515419.64013107214123, 2089978.162462286651134 ], [ 515450.082622750778683, 2089978.162462286651134 ], [ 515450.082622750778683, 2090008.604953967733309 ] ] ] ] } },
{ "type": "Feature", "properties": { "DN": 1, "area_rai": 1 }, "geometry": { "type": "MultiPolygon", "coordinates": [ [ [ [ 529057.876403104281053, 2089978.162462286651134 ], [ 529088.318894782918505, 2089978.162462286651134 ], [ 529088.318894782918505, 2089947.71997060556896 ], [ 529057.876403104281053, 2089947.71997060556896 ], [ 529057.876403104281053, 2089978.162462286651134 ] ] ] ] } },
{ "type": "Feature", "properties": { "DN": 0, "area_rai": 2 }, "geometry": { "type": "MultiPolygon", "coordinates": [ [ [ [ 515510.967606108053587, 2089947.71997060556896 ], [ 515541.41009778669104, 2089947.71997060556896 ], [ 515541.41009778669104, 2089917.277478924486786 ], [ 515571.852589465328492, 2089917.277478924486786 ], [ 515571.852589465328492, 2089886.834987243404612 ], [ 515480.525114429416135, 2089886.834987243404612 ], [ 515480.525114429416135, 2089917.277478924486786 ], [ 515510.967606108053587, 2089917.277478924486786 ], [ 515510.967606108053587, 2089947.71997060556896 ] ] ] ] } },
{ "type": "Feature", "properties": { "DN": 1, "area_rai": 1 }, "geometry": { "type": "MultiPolygon", "coordinates": [ [ [ [ 529044.408513020724058, 2089886.834987243404612 ], [ 529027.433911425643601, 2089886.834987243404612 ], [ 529027.433911425643601, 2089917.277478924486786 ], [ 529057.876403104281053, 2089917.277478924486786 ], [ 529057.876403104281053, 2089909.200624556280673 ], [ 529044.408513020724058, 2089886.834987243404612 ] ] ] ] } },
{ "type": "Feature", "properties": { "DN": 0, "area_rai": 74 }, "geometry": { "type": "MultiPolygon", "coordinates": [ [ [ [ 515328.312656036228873, 2090282.587379097705707 ], [ 515389.197639393503778, 2090282.587379097705707 ], [ 515389.197639393503778, 2090252.144887416623533 ], [ 515450.082622750778683, 2090252.144887416623533 ], [ 515450.082622750778683, 2090282.587379097705707 ], [ 515480.525114429416135, 2090282.587379097705707 ], [ 515480.525114429416135, 2090252.144887416623533 ], [ 515541.41009778669104, 2090252.144887416623533 ], [ 515541.41009778669104, 2090191.259904054459184 ], [ 515571.852589465328492, 2090191.259904054459184 ], [ 515571.852589465328492, 2090069.489937329897657 ], [ 515602.295081143965945, 2090069.489937329897657 ], [ 515602.295081143965945, 2090008.604953967733309 ], [ 515541.41009778669104, 2090008.604953967733309 ], [ 515541.41009778669104, 2089978.162462286651134 ], [ 515510.967606108053587, 2089978.162462286651134 ], [ 515510.967606108053587, 2090008.604953967733309 ], [ 515450.082622750778683, 2090008.604953967733309 ], [ 515450.082622750778683, 2089978.162462286651134 ], [ 515419.64013107214123, 2089978.162462286651134 ], [ 515419.64013107214123, 2089856.392495562322438 ], [ 515358.755147714866325, 2089856.392495562322438 ], [ 515358.755147714866325, 2089825.950003881240264 ], [ 515297.870164357533213, 2089825.950003881240264 ], [ 515297.870164357533213, 2090069.489937329897657 ], [ 515419.64013107214123, 2090069.489937329897657 ], [ 515419.64013107214123, 2090160.81741237314418 ], [ 515389.197639393503778, 2090160.81741237314418 ], [ 515389.197639393503778, 2090191.259904054459184 ], [ 515358.755147714866325, 2090191.259904054459184 ], [ 515358.755147714866325, 2090160.81741237314418 ], [ 515328.312656036228873, 2090160.81741237314418 ], [ 515328.312656036228873, 2090191.259904054459184 ], [ 515297.870164357533213, 2090191.259904054459184 ], [ 515297.870164357533213, 2090160.81741237314418 ], [ 515206.542689321620855, 2090160.81741237314418 ], [ 515206.542689321620855, 2090130.374920692294836 ], [ 515176.100197642983403, 2090130.374920692294836 ], [ 515176.100197642983403, 2090099.932429010979831 ], [ 515054.330230928433593, 2090099.932429010979831 ], [ 515054.330230928433593, 2090130.374920692294836 ], [ 515023.887739249796141, 2090130.374920692294836 ], [ 515023.887739249796141, 2089978.162462286651134 ], [ 514993.445247571100481, 2089978.162462286651134 ], [ 514993.445247571100481, 2090008.604953967733309 ], [ 514963.002755892463028, 2090008.604953967733309 ], [ 514963.002755892463028, 2090039.047445648815483 ], [ 514932.560264213825576, 2090039.047445648815483 ], [ 514932.560264213825576, 2090069.489937329897657 ], [ 514902.117772535188124, 2090069.489937329897657 ], [ 514902.117772535188124, 2090099.932429010979831 ], [ 514932.560264213825576, 2090099.932429010979831 ], [ 514932.560264213825576, 2090130.374920692294836 ], [ 514963.002755892463028, 2090130.374920692294836 ], [ 514963.002755892463028, 2090160.81741237314418 ], [ 515023.887739249796141, 2090160.81741237314418 ], [ 515023.887739249796141, 2090191.259904054459184 ], [ 515145.657705964345951, 2090191.259904054459184 ], [ 515145.657705964345951, 2090221.702395735541359 ], [ 515206.542689321620855, 2090221.702395735541359 ], [ 515206.542689321620855, 2090252.144887416623533 ], [ 515328.312656036228873, 2090252.144887416623533 ], [ 515328.312656036228873, 2090282.587379097705707 ] ] ] ] } },
{ "type": "Feature", "properties": { "DN": 1, "area_rai": 1 }, "geometry": { "type": "MultiPolygon", "coordinates": [ [ [ [ 528570.796536246081814, 2089673.737545475829393 ], [ 528601.239027924719267, 2089673.737545475829393 ], [ 528601.239027924719267, 2089643.295053794747218 ], [ 528570.796536246081814, 2089643.295053794747218 ], [ 528570.796536246081814, 2089673.737545475829393 ] ] ] ] } },
{ "type": "Feature", "properties": { "DN": 0, "area_rai": 40 }, "geometry": { "type": "MultiPolygon", "coordinates": [ [ [ [ 514841.232789177913219, 2089917.277478924486786 ], [ 514902.117772535188124, 2089917.277478924486786 ], [ 514902.117772535188124, 2089856.392495562322438 ], [ 514963.002755892463028, 2089856.392495562322438 ], [ 514963.002755892463028, 2089886.834987243404612 ], [ 515023.887739249796141, 2089886.834987243404612 ], [ 515023.887739249796141, 2089917.277478924486786 ], [ 515115.215214285708498, 2089917.277478924486786 ], [ 515115.215214285708498, 2089886.834987243404612 ], [ 515145.657705964345951, 2089886.834987243404612 ], [ 515145.657705964345951, 2089795.507512200158089 ], [ 515054.330230928433593, 2089795.507512200158089 ], [ 515054.330230928433593, 2089643.295053794747218 ], [ 515023.887739249796141, 2089643.295053794747218 ], [ 515023.887739249796141, 2089612.852562113665044 ], [ 514871.675280856550671, 2089612.852562113665044 ], [ 514871.675280856550671, 2089765.065020519075915 ], [ 514841.232789177913219, 2089765.065020519075915 ], [ 514841.232789177913219, 2089917.277478924486786 ] ] ] ] } },
{ "type": "Feature", "properties": { "DN": 1, "area_rai": 1 }, "geometry": { "type": "MultiPolygon", "coordinates": [ [ [ [ 528470.921804476412944, 2089621.101854144595563 ], [ 528461.100421343930066, 2089612.852562113665044 ], [ 528449.026569531415589, 2089612.852562113665044 ], [ 528449.026569531415589, 2089643.295053794747218 ], [ 528479.469061210053042, 2089643.295053794747218 ], [ 528479.469061210053042, 2089623.891816505696625 ], [ 528470.921804476412944, 2089621.101854144595563 ] ] ] ] } },
{ "type": "Feature", "properties": { "DN": 1, "area_rai": 1 }, "geometry": { "type": "MultiPolygon", "coordinates": [ [ [ [ 528783.893977996543981, 2089643.295053794747218 ], [ 528814.336469675181434, 2089643.295053794747218 ], [ 528814.336469675181434, 2089612.852562113665044 ], [ 528783.893977996543981, 2089612.852562113665044 ], [ 528783.893977996543981, 2089643.295053794747218 ] ] ] ] } },
{ "type": "Feature", "properties": { "DN": 1, "area_rai": 1 }, "geometry": { "type": "MultiPolygon", "coordinates": [ [ [ [ 514871.675280856550671, 2089612.852562113665044 ], [ 514932.560264213825576, 2089612.852562113665044 ], [ 514932.560264213825576, 2089582.41007043258287 ], [ 514871.675280856550671, 2089582.41007043258287 ], [ 514871.675280856550671, 2089612.852562113665044 ] ] ] ] } },
{ "type": "Feature", "properties": { "DN": 1, "area_rai": 1 }, "geometry": { "type": "MultiPolygon", "coordinates": [ [ [ [ 528444.293744840426371, 2089598.736100035253912 ], [ 528434.24709373456426, 2089582.41007043258287 ], [ 528418.584077852778137, 2089582.41007043258287 ], [ 528418.584077852778137, 2089612.852562113665044 ], [ 528449.026569531415589, 2089612.852562113665044 ], [ 528449.026569531415589, 2089602.711350005818531 ], [ 528444.293744840426371, 2089598.736100035253912 ] ] ] ] } },
{ "type": "Feature", "properties": { "DN": 1, "area_rai": 1 }, "geometry": { "type": "MultiPolygon", "coordinates": [ [ [ [ 528753.451486317906529, 2089576.836796788265929 ], [ 528753.451486317906529, 2089582.41007043258287 ], [ 528783.893977996543981, 2089582.41007043258287 ], [ 528783.893977996543981, 2089558.895544059108943 ], [ 528753.451486317906529, 2089576.836796788265929 ] ] ] ] } },
{ "type": "Feature", "properties": { "DN": 1, "area_rai": 1 }, "geometry": { "type": "MultiPolygon", "coordinates": [ [ [ [ 518981.411657473421656, 2089551.967578751500696 ], [ 519011.854149152059108, 2089551.967578751500696 ], [ 519011.854149152059108, 2089521.525087070418522 ], [ 518981.411657473421656, 2089521.525087070418522 ], [ 518981.411657473421656, 2089551.967578751500696 ] ] ] ] } },
{ "type": "Feature", "properties": { "DN": 1, "area_rai": 1 }, "geometry": { "type": "MultiPolygon", "coordinates": [ [ [ [ 528818.147835328010842, 2089549.739869070472196 ], [ 528814.336469675181434, 2089550.752402347279713 ], [ 528814.336469675181434, 2089551.967578751500696 ], [ 528875.221453032456338, 2089551.967578751500696 ], [ 528875.221453032456338, 2089536.45513751078397 ], [ 528818.147835328010842, 2089549.739869070472196 ] ] ] ] } },
{ "type": "Feature", "properties": { "DN": 1, "area_rai": 1 }, "geometry": { "type": "MultiPolygon", "coordinates": [ [ [ [ 519011.854149152059108, 2089521.525087070418522 ], [ 519042.29664083069656, 2089521.525087070418522 ], [ 519042.29664083069656, 2089491.082595389336348 ], [ 519011.854149152059108, 2089491.082595389336348 ], [ 519011.854149152059108, 2089521.525087070418522 ] ] ] ] } },
{ "type": "Feature", "properties": { "DN": 1, "area_rai": 2 }, "geometry": { "type": "MultiPolygon", "coordinates": [ [ [ [ 519042.29664083069656, 2089491.082595389336348 ], [ 519133.624115866608918, 2089491.082595389336348 ], [ 519133.624115866608918, 2089460.640103708254173 ], [ 519042.29664083069656, 2089460.640103708254173 ], [ 519042.29664083069656, 2089491.082595389336348 ] ] ] ] } },
{ "type": "Feature", "properties": { "DN": 1, "area_rai": 1 }, "geometry": { "type": "MultiPolygon", "coordinates": [ [ [ [ 519316.27906593849184, 2089491.082595389336348 ], [ 519346.721557617129292, 2089491.082595389336348 ], [ 519346.721557617129292, 2089460.640103708254173 ], [ 519316.27906593849184, 2089460.640103708254173 ], [ 519316.27906593849184, 2089491.082595389336348 ] ] ] ] } },
{ "type": "Feature", "properties": { "DN": 1, "area_rai": 17 }, "geometry": { "type": "MultiPolygon", "coordinates": [ [ [ [ 518707.429232365626376, 2089673.737545475829393 ], [ 518798.756707401538733, 2089673.737545475829393 ], [ 518798.756707401538733, 2089643.295053794747218 ], [ 518768.314215722901281, 2089643.295053794747218 ], [ 518768.314215722901281, 2089612.852562113665044 ], [ 518737.871724044263829, 2089612.852562113665044 ], [ 518737.871724044263829, 2089551.967578751500696 ], [ 518768.314215722901281, 2089551.967578751500696 ], [ 518768.314215722901281, 2089491.082595389336348 ], [ 518798.756707401538733, 2089491.082595389336348 ], [ 518798.756707401538733, 2089460.640103708254173 ], [ 518829.199199080176186, 2089460.640103708254173 ], [ 518829.199199080176186, 2089308.427645302843302 ], [ 518859.641690758813638, 2089308.427645302843302 ], [ 518859.641690758813638, 2089277.985153621761128 ], [ 518829.199199080176186, 2089277.985153621761128 ], [ 518829.199199080176186, 2089247.542661940678954 ], [ 518798.756707401538733, 2089247.542661940678954 ], [ 518798.756707401538733, 2089308.427645302843302 ], [ 518768.314215722901281, 2089308.427645302843302 ], [ 518768.314215722901281, 2089399.755120346089825 ], [ 518737.871724044263829, 2089399.755120346089825 ], [ 518737.871724044263829, 2089460.640103708254173 ], [ 518707.429232365626376, 2089460.640103708254173 ], [ 518707.429232365626376, 2089673.737545475829393 ] ] ] ] } },
{ "type": "Feature", "properties": { "DN": 1, "area_rai": 1 }, "geometry": { "type": "MultiPolygon", "coordinates": [ [ [ [ 517154.862156754825264, 2089399.755120346089825 ], [ 517185.304648433462717, 2089399.755120346089825 ], [ 517185.304648433462717, 2089369.312628665007651 ], [ 517154.862156754825264, 2089369.312628665007651 ], [ 517154.862156754825264, 2089399.755120346089825 ] ] ] ] } },
{ "type": "Feature", "properties": { "DN": 0, "area_rai": 3 }, "geometry": { "type": "MultiPolygon", "coordinates": [ [ [ [ 519346.721557617129292, 2089369.312628665007651 ], [ 519438.04903265304165, 2089369.312628665007651 ], [ 519438.04903265304165, 2089338.870136983925477 ], [ 519407.606540974404197, 2089338.870136983925477 ], [ 519407.606540974404197, 2089308.427645302843302 ], [ 519377.164049295766745, 2089308.427645302843302 ], [ 519377.164049295766745, 2089277.985153621761128 ], [ 519346.721557617129292, 2089277.985153621761128 ], [ 519346.721557617129292, 2089369.312628665007651 ] ] ] ] } },
{ "type": "Feature", "properties": { "DN": 0, "area_rai": 1 }, "geometry": { "type": "MultiPolygon", "coordinates": [ [ [ [ 519468.491524331679102, 2089369.312628665007651 ], [ 519498.934016010316554, 2089369.312628665007651 ], [ 519498.934016010316554, 2089338.870136983925477 ], [ 519468.491524331679102, 2089338.870136983925477 ], [ 519468.491524331679102, 2089369.312628665007651 ] ] ] ] } },
{ "type": "Feature", "properties": { "DN": 0, "area_rai": 1 }, "geometry": { "type": "MultiPolygon", "coordinates": [ [ [ [ 518829.199199080176186, 2089338.870136983925477 ], [ 518859.641690758813638, 2089338.870136983925477 ], [ 518859.641690758813638, 2089308.427645302843302 ], [ 518829.199199080176186, 2089308.427645302843302 ], [ 518829.199199080176186, 2089338.870136983925477 ] ] ] ] } },
{ "type": "Feature", "properties": { "DN": 1, "area_rai": 2 }, "geometry": { "type": "MultiPolygon", "coordinates": [ [ [ [ 519438.04903265304165, 2089369.312628665007651 ], [ 519468.491524331679102, 2089369.312628665007651 ], [ 519468.491524331679102, 2089338.870136983925477 ], [ 519498.934016010316554, 2089338.870136983925477 ], [ 519498.934016010316554, 2089308.427645302843302 ], [ 519407.606540974404197, 2089308.427645302843302 ], [ 519407.606540974404197, 2089338.870136983925477 ], [ 519438.04903265304165, 2089338.870136983925477 ], [ 519438.04903265304165, 2089369.312628665007651 ] ] ] ] } },
{ "type": "Feature", "properties": { "DN": 1, "area_rai": 2 }, "geometry": { "type": "MultiPolygon", "coordinates": [ [ [ [ 517185.304648433462717, 2089308.427645302843302 ], [ 517215.747140112100169, 2089308.427645302843302 ], [ 517215.747140112100169, 2089277.985153621761128 ], [ 517246.189631790737621, 2089277.985153621761128 ], [ 517246.189631790737621, 2089247.542661940678954 ], [ 517185.304648433462717, 2089247.542661940678954 ], [ 517185.304648433462717, 2089308.427645302843302 ] ] ] ] } },
{ "type": "Feature", "properties": { "DN": 0, "area_rai": 1 }, "geometry": { "type": "MultiPolygon", "coordinates": [ [ [ [ 519285.836574259854387, 2089277.985153621761128 ], [ 519316.27906593849184, 2089277.985153621761128 ], [ 519316.27906593849184, 2089247.542661940678954 ], [ 519285.836574259854387, 2089247.542661940678954 ], [ 519285.836574259854387, 2089277.985153621761128 ] ] ] ] } },
{ "type": "Feature", "properties": { "DN": 1, "area_rai": 1 }, "geometry": { "type": "MultiPolygon", "coordinates": [ [ [ [ 519316.27906593849184, 2089277.985153621761128 ], [ 519346.721557617129292, 2089277.985153621761128 ], [ 519346.721557617129292, 2089247.542661940678954 ], [ 519316.27906593849184, 2089247.542661940678954 ], [ 519316.27906593849184, 2089277.985153621761128 ] ] ] ] } },
{ "type": "Feature", "properties": { "DN": 1, "area_rai": 1 }, "geometry": { "type": "MultiPolygon", "coordinates": [ [ [ [ 517276.632123469375074, 2089247.542661940678954 ], [ 517337.517106826649979, 2089247.542661940678954 ], [ 517337.517106826649979, 2089217.10017025959678 ], [ 517276.632123469375074, 2089217.10017025959678 ], [ 517276.632123469375074, 2089247.542661940678954 ] ] ] ] } },
{ "type": "Feature", "properties": { "DN": 1, "area_rai": 1 }, "geometry": { "type": "MultiPolygon", "coordinates": [ [ [ [ 515876.277506251761224, 2089217.10017025959678 ], [ 515906.719997930398677, 2089217.10017025959678 ], [ 515906.719997930398677, 2089156.215186897432432 ], [ 515876.277506251761224, 2089156.215186897432432 ], [ 515876.277506251761224, 2089217.10017025959678 ] ] ] ] } },
{ "type": "Feature", "properties": { "DN": 0, "area_rai": 1 }, "geometry": { "type": "MultiPolygon", "coordinates": [ [ [ [ 517307.074615148012526, 2089217.10017025959678 ], [ 517337.517106826649979, 2089217.10017025959678 ], [ 517337.517106826649979, 2089186.657678578514606 ], [ 517307.074615148012526, 2089186.657678578514606 ], [ 517307.074615148012526, 2089217.10017025959678 ] ] ] ] } },
{ "type": "Feature", "properties": { "DN": 0, "area_rai": 1 }, "geometry": { "type": "MultiPolygon", "coordinates": [ [ [ [ 517428.844581862562336, 2089217.10017025959678 ], [ 517459.287073541257996, 2089217.10017025959678 ], [ 517459.287073541257996, 2089186.657678578514606 ], [ 517428.844581862562336, 2089186.657678578514606 ], [ 517428.844581862562336, 2089217.10017025959678 ] ] ] ] } },
{ "type": "Feature", "properties": { "DN": 0, "area_rai": 2 }, "geometry": { "type": "MultiPolygon", "coordinates": [ [ [ [ 519316.27906593849184, 2089247.542661940678954 ], [ 519346.721557617129292, 2089247.542661940678954 ], [ 519346.721557617129292, 2089186.657678578514606 ], [ 519316.27906593849184, 2089186.657678578514606 ], [ 519316.27906593849184, 2089156.215186897432432 ], [ 519285.836574259854387, 2089156.215186897432432 ], [ 519285.836574259854387, 2089217.10017025959678 ], [ 519316.27906593849184, 2089217.10017025959678 ], [ 519316.27906593849184, 2089247.542661940678954 ] ] ] ] } },
{ "type": "Feature", "properties": { "DN": 1, "area_rai": 2 }, "geometry": { "type": "MultiPolygon", "coordinates": [ [ [ [ 518768.314215722901281, 2089217.10017025959678 ], [ 518798.756707401538733, 2089217.10017025959678 ], [ 518798.756707401538733, 2089125.772695216350257 ], [ 518768.314215722901281, 2089125.772695216350257 ], [ 518768.314215722901281, 2089217.10017025959678 ] ] ] ] } },
{ "type": "Feature", "properties": { "DN": 1, "area_rai": 8 }, "geometry": { "type": "MultiPolygon", "coordinates": [ [ [ [ 519224.951590902521275, 2089247.542661940678954 ], [ 519316.27906593849184, 2089247.542661940678954 ], [ 519316.27906593849184, 2089217.10017025959678 ], [ 519285.836574259854387, 2089217.10017025959678 ], [ 519285.836574259854387, 2089156.215186897432432 ], [ 519316.27906593849184, 2089156.215186897432432 ], [ 519316.27906593849184, 2089095.330203535268083 ], [ 519285.836574259854387, 2089095.330203535268083 ], [ 519285.836574259854387, 2089125.772695216350257 ], [ 519255.394082581158727, 2089125.772695216350257 ], [ 519255.394082581158727, 2089156.215186897432432 ], [ 519194.509099223883823, 2089156.215186897432432 ], [ 519194.509099223883823, 2089186.657678578514606 ], [ 519133.624115866608918, 2089186.657678578514606 ], [ 519133.624115866608918, 2089217.10017025959678 ], [ 519224.951590902521275, 2089217.10017025959678 ], [ 519224.951590902521275, 2089247.542661940678954 ] ] ] ] } },
{ "type": "Feature", "properties": { "DN": 1, "area_rai": 1 }, "geometry": { "type": "MultiPolygon", "coordinates": [ [ [ [ 518737.871724044263829, 2089125.772695216350257 ], [ 518768.314215722901281, 2089125.772695216350257 ], [ 518768.314215722901281, 2089095.330203535268083 ], [ 518737.871724044263829, 2089095.330203535268083 ], [ 518737.871724044263829, 2089125.772695216350257 ] ] ] ] } },
{ "type": "Feature", "properties": { "DN": 0, "area_rai": 7 }, "geometry": { "type": "MultiPolygon", "coordinates": [ [ [ [ 515236.985181000258308, 2089125.772695216350257 ], [ 515297.870164357533213, 2089125.772695216350257 ], [ 515297.870164357533213, 2089095.330203535268083 ], [ 515328.312656036228873, 2089095.330203535268083 ], [ 515328.312656036228873, 2089034.445220173103735 ], [ 515297.870164357533213, 2089034.445220173103735 ], [ 515297.870164357533213, 2089004.002728492021561 ], [ 515236.985181000258308, 2089004.002728492021561 ], [ 515236.985181000258308, 2089034.445220173103735 ], [ 515206.542689321620855, 2089034.445220173103735 ], [ 515206.542689321620855, 2089095.330203535268083 ], [ 515236.985181000258308, 2089095.330203535268083 ], [ 515236.985181000258308, 2089125.772695216350257 ] ] ] ] } },
{ "type": "Feature", "properties": { "DN": 1, "area_rai": 1 }, "geometry": { "type": "MultiPolygon", "coordinates": [ [ [ [ 518707.429232365626376, 2089095.330203535268083 ], [ 518737.871724044263829, 2089095.330203535268083 ], [ 518737.871724044263829, 2089064.887711854185909 ], [ 518707.429232365626376, 2089064.887711854185909 ], [ 518707.429232365626376, 2089095.330203535268083 ] ] ] ] } },
{ "type": "Feature", "properties": { "DN": 0, "area_rai": 1 }, "geometry": { "type": "MultiPolygon", "coordinates": [ [ [ [ 518859.641690758813638, 2089095.330203535268083 ], [ 518890.084182437451091, 2089095.330203535268083 ], [ 518890.084182437451091, 2089064.887711854185909 ], [ 518859.641690758813638, 2089064.887711854185909 ], [ 518859.641690758813638, 2089095.330203535268083 ] ] ] ] } },
{ "type": "Feature", "properties": { "DN": 1, "area_rai": 2 }, "geometry": { "type": "MultiPolygon", "coordinates": [ [ [ [ 515176.100197642983403, 2089064.887711854185909 ], [ 515206.542689321620855, 2089064.887711854185909 ], [ 515206.542689321620855, 2089034.445220173103735 ], [ 515236.985181000258308, 2089034.445220173103735 ], [ 515236.985181000258308, 2089004.002728492021561 ], [ 515176.100197642983403, 2089004.002728492021561 ], [ 515176.100197642983403, 2089064.887711854185909 ] ] ] ] } },
{ "type": "Feature", "properties": { "DN": 0, "area_rai": 1 }, "geometry": { "type": "MultiPolygon", "coordinates": [ [ [ [ 518676.986740686988924, 2089064.887711854185909 ], [ 518707.429232365626376, 2089064.887711854185909 ], [ 518707.429232365626376, 2089034.445220173103735 ], [ 518676.986740686988924, 2089034.445220173103735 ], [ 518676.986740686988924, 2089064.887711854185909 ] ] ] ] } },
{ "type": "Feature", "properties": { "DN": 0, "area_rai": 1 }, "geometry": { "type": "MultiPolygon", "coordinates": [ [ [ [ 517428.844581862562336, 2089034.445220173103735 ], [ 517459.287073541257996, 2089034.445220173103735 ], [ 517459.287073541257996, 2088973.560236810939386 ], [ 517428.844581862562336, 2088973.560236810939386 ], [ 517428.844581862562336, 2089034.445220173103735 ] ] ] ] } },
{ "type": "Feature", "properties": { "DN": 0, "area_rai": 1 }, "geometry": { "type": "MultiPolygon", "coordinates": [ [ [ [ 518189.90687382867327, 2089034.445220173103735 ], [ 518220.349365507310722, 2089034.445220173103735 ], [ 518220.349365507310722, 2089004.002728492021561 ], [ 518189.90687382867327, 2089004.002728492021561 ], [ 518189.90687382867327, 2089034.445220173103735 ] ] ] ] } },
{ "type": "Feature", "properties": { "DN": 1, "area_rai": 1 }, "geometry": { "type": "MultiPolygon", "coordinates": [ [ [ [ 518220.349365507310722, 2089034.445220173103735 ], [ 518281.234348864585627, 2089034.445220173103735 ], [ 518281.234348864585627, 2089004.002728492021561 ], [ 518220.349365507310722, 2089004.002728492021561 ], [ 518220.349365507310722, 2089034.445220173103735 ] ] ] ] } },
{ "type": "Feature", "properties": { "DN": 1, "area_rai": 14 }, "geometry": { "type": "MultiPolygon", "coordinates": [ [ [ [ 518920.526674116088543, 2089247.542661940678954 ], [ 518981.411657473421656, 2089247.542661940678954 ], [ 518981.411657473421656, 2089217.10017025959678 ], [ 519011.854149152059108, 2089217.10017025959678 ], [ 519011.854149152059108, 2089186.657678578514606 ], [ 519133.624115866608918, 2089186.657678578514606 ], [ 519133.624115866608918, 2089156.215186897432432 ], [ 518950.969165794784203, 2089156.215186897432432 ], [ 518950.969165794784203, 2089125.772695216350257 ], [ 518920.526674116088543, 2089125.772695216350257 ], [ 518920.526674116088543, 2089095.330203535268083 ], [ 518859.641690758813638, 2089095.330203535268083 ], [ 518859.641690758813638, 2089004.002728492021561 ], [ 518798.756707401538733, 2089004.002728492021561 ], [ 518798.756707401538733, 2089034.445220173103735 ], [ 518829.199199080176186, 2089034.445220173103735 ], [ 518829.199199080176186, 2089125.772695216350257 ], [ 518859.641690758813638, 2089125.772695216350257 ], [ 518859.641690758813638, 2089186.657678578514606 ], [ 518890.084182437451091, 2089186.657678578514606 ], [ 518890.084182437451091, 2089217.10017025959678 ], [ 518920.526674116088543, 2089217.10017025959678 ], [ 518920.526674116088543, 2089247.542661940678954 ] ] ] ] } },
{ "type": "Feature", "properties": { "DN": 1, "area_rai": 1 }, "geometry": { "type": "MultiPolygon", "coordinates": [ [ [ [ 519316.27906593849184, 2089034.445220173103735 ], [ 519346.721557617129292, 2089034.445220173103735 ], [ 519346.721557617129292, 2089004.002728492021561 ], [ 519316.27906593849184, 2089004.002728492021561 ], [ 519316.27906593849184, 2089034.445220173103735 ] ] ] ] } },
{ "type": "Feature", "properties": { "DN": 1, "area_rai": 1 }, "geometry": { "type": "MultiPolygon", "coordinates": [ [ [ [ 527322.654377421713434, 2089034.445220173103735 ], [ 527353.096869100350887, 2089034.445220173103735 ], [ 527353.096869100350887, 2089004.002728492021561 ], [ 527322.654377421713434, 2089004.002728492021561 ], [ 527322.654377421713434, 2089034.445220173103735 ] ] ] ] } },
{ "type": "Feature", "properties": { "DN": 1, "area_rai": 1 }, "geometry": { "type": "MultiPolygon", "coordinates": [ [ [ [ 517885.481957042240538, 2089004.002728492021561 ], [ 517915.92444872087799, 2089004.002728492021561 ], [ 517915.92444872087799, 2088973.560236810939386 ], [ 517885.481957042240538, 2088973.560236810939386 ], [ 517885.481957042240538, 2089004.002728492021561 ] ] ] ] } },
{ "type": "Feature", "properties": { "DN": 1, "area_rai": 1 }, "geometry": { "type": "MultiPolygon", "coordinates": [ [ [ [ 515480.525114429416135, 2088973.560236810939386 ], [ 515510.967606108053587, 2088973.560236810939386 ], [ 515510.967606108053587, 2088943.117745129857212 ], [ 515480.525114429416135, 2088943.117745129857212 ], [ 515480.525114429416135, 2088973.560236810939386 ] ] ] ] } },
{ "type": "Feature", "properties": { "DN": 1, "area_rai": 2 }, "geometry": { "type": "MultiPolygon", "coordinates": [ [ [ [ 515724.065047858573962, 2088973.560236810939386 ], [ 515815.392522894486319, 2088973.560236810939386 ], [ 515815.392522894486319, 2088943.117745129857212 ], [ 515754.507539537211414, 2088943.117745129857212 ], [ 515754.507539537211414, 2088912.675253448775038 ], [ 515724.065047858573962, 2088912.675253448775038 ], [ 515724.065047858573962, 2088973.560236810939386 ] ] ] ] } },
{ "type": "Feature", "properties": { "DN": 0, "area_rai": 1 }, "geometry": { "type": "MultiPolygon", "coordinates": [ [ [ [ 518007.251923756790347, 2088973.560236810939386 ], [ 518037.6944154354278, 2088973.560236810939386 ], [ 518037.6944154354278, 2088943.117745129857212 ], [ 518007.251923756790347, 2088943.117745129857212 ], [ 518007.251923756790347, 2088973.560236810939386 ] ] ] ] } },
{ "type": "Feature", "properties": { "DN": 0, "area_rai": 79 }, "geometry": { "type": "MultiPolygon", "coordinates": [ [ [ [ 516211.144914716831408, 2089277.985153621761128 ], [ 516272.029898074164521, 2089277.985153621761128 ], [ 516272.029898074164521, 2089247.542661940678954 ], [ 516302.472389752801973, 2089247.542661940678954 ], [ 516302.472389752801973, 2089125.772695216350257 ], [ 516332.914881431439426, 2089125.772695216350257 ], [ 516332.914881431439426, 2089034.445220173103735 ], [ 516302.472389752801973, 2089034.445220173103735 ], [ 516302.472389752801973, 2088943.117745129857212 ], [ 516272.029898074164521, 2088943.117745129857212 ], [ 516272.029898074164521, 2088851.790270086377859 ], [ 516058.932456323644146, 2088851.790270086377859 ], [ 516058.932456323644146, 2088882.232761767692864 ], [ 516028.489964645006694, 2088882.232761767692864 ], [ 516028.489964645006694, 2088943.117745129857212 ], [ 515998.047472966369241, 2088943.117745129857212 ], [ 515998.047472966369241, 2089004.002728492021561 ], [ 515967.604981287731789, 2089004.002728492021561 ], [ 515967.604981287731789, 2089064.887711854185909 ], [ 515937.162489609094337, 2089064.887711854185909 ], [ 515937.162489609094337, 2089095.330203535268083 ], [ 515906.719997930398677, 2089095.330203535268083 ], [ 515906.719997930398677, 2089217.10017025959678 ], [ 516211.144914716831408, 2089217.10017025959678 ], [ 516211.144914716831408, 2089277.985153621761128 ] ] ] ] } },
{ "type": "Feature", "properties": { "DN": 0, "area_rai": 3 }, "geometry": { "type": "MultiPolygon", "coordinates": [ [ [ [ 518068.13690711412346, 2088973.560236810939386 ], [ 518098.579398792760912, 2088973.560236810939386 ], [ 518098.579398792760912, 2088943.117745129857212 ], [ 518129.021890471398365, 2088943.117745129857212 ], [ 518129.021890471398365, 2088912.675253448775038 ], [ 518159.464382150035817, 2088912.675253448775038 ], [ 518159.464382150035817, 2088882.232761767692864 ], [ 518068.13690711412346, 2088882.232761767692864 ], [ 518068.13690711412346, 2088973.560236810939386 ] ] ] ] } },
{ "type": "Feature", "properties": { "DN": 0, "area_rai": 19 }, "geometry": { "type": "MultiPolygon", "coordinates": [ [ [ [ 516302.472389752801973, 2088943.117745129857212 ], [ 516393.799864788714331, 2088943.117745129857212 ], [ 516393.799864788714331, 2088912.675253448775038 ], [ 516424.242356467351783, 2088912.675253448775038 ], [ 516424.242356467351783, 2088821.347778405295685 ], [ 516454.684848145989235, 2088821.347778405295685 ], [ 516454.684848145989235, 2088760.462795043131337 ], [ 516424.242356467351783, 2088760.462795043131337 ], [ 516424.242356467351783, 2088699.577811680966988 ], [ 516332.914881431439426, 2088699.577811680966988 ], [ 516332.914881431439426, 2088730.020303362049162 ], [ 516302.472389752801973, 2088730.020303362049162 ], [ 516302.472389752801973, 2088943.117745129857212 ] ] ] ] } },
{ "type": "Feature", "properties": { "DN": 1, "area_rai": 5 }, "geometry": { "type": "MultiPolygon", "coordinates": [ [ [ [ 518037.6944154354278, 2088973.560236810939386 ], [ 518068.13690711412346, 2088973.560236810939386 ], [ 518068.13690711412346, 2088851.790270086377859 ], [ 518037.6944154354278, 2088851.790270086377859 ], [ 518037.6944154354278, 2088882.232761767692864 ], [ 517976.809432078152895, 2088882.232761767692864 ], [ 517976.809432078152895, 2088912.675253448775038 ], [ 517946.366940399515443, 2088912.675253448775038 ], [ 517946.366940399515443, 2088943.117745129857212 ], [ 518037.6944154354278, 2088943.117745129857212 ], [ 518037.6944154354278, 2088973.560236810939386 ] ] ] ] } },
{ "type": "Feature", "properties": { "DN": 0, "area_rai": 4 }, "geometry": { "type": "MultiPolygon", "coordinates": [ [ [ [ 517915.92444872087799, 2088912.675253448775038 ], [ 517976.809432078152895, 2088912.675253448775038 ], [ 517976.809432078152895, 2088882.232761767692864 ], [ 518037.6944154354278, 2088882.232761767692864 ], [ 518037.6944154354278, 2088851.790270086377859 ], [ 518007.251923756790347, 2088851.790270086377859 ], [ 518007.251923756790347, 2088821.347778405295685 ], [ 517946.366940399515443, 2088821.347778405295685 ], [ 517946.366940399515443, 2088882.232761767692864 ], [ 517915.92444872087799, 2088882.232761767692864 ], [ 517915.92444872087799, 2088912.675253448775038 ] ] ] ] } },
{ "type": "Feature", "properties": { "DN": 1, "area_rai": 1 }, "geometry": { "type": "MultiPolygon", "coordinates": [ [ [ [ 517915.92444872087799, 2088882.232761767692864 ], [ 517946.366940399515443, 2088882.232761767692864 ], [ 517946.366940399515443, 2088851.790270086377859 ], [ 517915.92444872087799, 2088851.790270086377859 ], [ 517915.92444872087799, 2088882.232761767692864 ] ] ] ] } },
{ "type": "Feature", "properties": { "DN": 0, "area_rai": 2 }, "geometry": { "type": "MultiPolygon", "coordinates": [ [ [ [ 518189.90687382867327, 2088882.232761767692864 ], [ 518311.676840543223079, 2088882.232761767692864 ], [ 518311.676840543223079, 2088851.790270086377859 ], [ 518189.90687382867327, 2088851.790270086377859 ], [ 518189.90687382867327, 2088882.232761767692864 ] ] ] ] } },
{ "type": "Feature", "properties": { "DN": 1, "area_rai": 1 }, "geometry": { "type": "MultiPolygon", "coordinates": [ [ [ [ 519407.606540974404197, 2088882.232761767692864 ], [ 519438.04903265304165, 2088882.232761767692864 ], [ 519438.04903265304165, 2088851.790270086377859 ], [ 519407.606540974404197, 2088851.790270086377859 ], [ 519407.606540974404197, 2088882.232761767692864 ] ] ] ] } },
{ "type": "Feature", "properties": { "DN": 0, "area_rai": 2 }, "geometry": { "type": "MultiPolygon", "coordinates": [ [ [ [ 517459.287073541257996, 2088851.790270086377859 ], [ 517520.172056898532901, 2088851.790270086377859 ], [ 517520.172056898532901, 2088821.347778405295685 ], [ 517550.614548577170353, 2088821.347778405295685 ], [ 517550.614548577170353, 2088790.905286724213511 ], [ 517489.729565219895449, 2088790.905286724213511 ], [ 517489.729565219895449, 2088821.347778405295685 ], [ 517459.287073541257996, 2088821.347778405295685 ], [ 517459.287073541257996, 2088851.790270086377859 ] ] ] ] } },
{ "type": "Feature", "properties": { "DN": 1, "area_rai": 1 }, "geometry": { "type": "MultiPolygon", "coordinates": [ [ [ [ 519438.04903265304165, 2088851.790270086377859 ], [ 519468.491524331679102, 2088851.790270086377859 ], [ 519468.491524331679102, 2088790.905286724213511 ], [ 519438.04903265304165, 2088790.905286724213511 ], [ 519438.04903265304165, 2088851.790270086377859 ] ] ] ] } },
{ "type": "Feature", "properties": { "DN": 1, "area_rai": 1 }, "geometry": { "type": "MultiPolygon", "coordinates": [ [ [ [ 527627.079294208087958, 2088851.790270086377859 ], [ 527657.521785886725411, 2088851.790270086377859 ], [ 527657.521785886725411, 2088821.347778405295685 ], [ 527627.079294208087958, 2088821.347778405295685 ], [ 527627.079294208087958, 2088851.790270086377859 ] ] ] ] } },
{ "type": "Feature", "properties": { "DN": 1, "area_rai": 3 }, "geometry": { "type": "MultiPolygon", "coordinates": [ [ [ [ 515906.719997930398677, 2088790.905286724213511 ], [ 515937.162489609094337, 2088790.905286724213511 ], [ 515937.162489609094337, 2088760.462795043131337 ], [ 515998.047472966369241, 2088760.462795043131337 ], [ 515998.047472966369241, 2088699.577811680966988 ], [ 515937.162489609094337, 2088699.577811680966988 ], [ 515937.162489609094337, 2088730.020303362049162 ], [ 515906.719997930398677, 2088730.020303362049162 ], [ 515906.719997930398677, 2088790.905286724213511 ] ] ] ] } },
{ "type": "Feature", "properties": { "DN": 0, "area_rai": 1 }, "geometry": { "type": "MultiPolygon", "coordinates": [ [ [ [ 518555.216773972380906, 2088790.905286724213511 ], [ 518616.101757329655811, 2088790.905286724213511 ], [ 518616.101757329655811, 2088760.462795043131337 ], [ 518555.216773972380906, 2088760.462795043131337 ], [ 518555.216773972380906, 2088790.905286724213511 ] ] ] ] } },
{ "type": "Feature", "properties": { "DN": 0, "area_rai": 1 }, "geometry": { "type": "MultiPolygon", "coordinates": [ [ [ [ 518707.429232365626376, 2088790.905286724213511 ], [ 518737.871724044263829, 2088790.905286724213511 ], [ 518737.871724044263829, 2088730.020303362049162 ], [ 518707.429232365626376, 2088730.020303362049162 ], [ 518707.429232365626376, 2088790.905286724213511 ] ] ] ] } },
{ "type": "Feature", "properties": { "DN": 1, "area_rai": 1 }, "geometry": { "type": "MultiPolygon", "coordinates": [ [ [ [ 515724.065047858573962, 2088760.462795043131337 ], [ 515754.507539537211414, 2088760.462795043131337 ], [ 515754.507539537211414, 2088730.020303362049162 ], [ 515724.065047858573962, 2088730.020303362049162 ], [ 515724.065047858573962, 2088760.462795043131337 ] ] ] ] } },
{ "type": "Feature", "properties": { "DN": 0, "area_rai": 1 }, "geometry": { "type": "MultiPolygon", "coordinates": [ [ [ [ 518646.544249008293264, 2088730.020303362049162 ], [ 518676.986740686988924, 2088730.020303362049162 ], [ 518676.986740686988924, 2088669.135319999884814 ], [ 518646.544249008293264, 2088669.135319999884814 ], [ 518646.544249008293264, 2088730.020303362049162 ] ] ] ] } },
{ "type": "Feature", "properties": { "DN": 1, "area_rai": 1 }, "geometry": { "type": "MultiPolygon", "coordinates": [ [ [ [ 519468.491524331679102, 2088730.020303362049162 ], [ 519498.934016010316554, 2088730.020303362049162 ], [ 519498.934016010316554, 2088699.577811680966988 ], [ 519468.491524331679102, 2088699.577811680966988 ], [ 519468.491524331679102, 2088730.020303362049162 ] ] ] ] } },
{ "type": "Feature", "properties": { "DN": 1, "area_rai": 51 }, "geometry": { "type": "MultiPolygon", "coordinates": [ [ [ [ 517337.517106826649979, 2089217.10017025959678 ], [ 517428.844581862562336, 2089217.10017025959678 ], [ 517428.844581862562336, 2089095.330203535268083 ], [ 517459.287073541257996, 2089095.330203535268083 ], [ 517459.287073541257996, 2089034.445220173103735 ], [ 517489.729565219895449, 2089034.445220173103735 ], [ 517489.729565219895449, 2089004.002728492021561 ], [ 517550.614548577170353, 2089004.002728492021561 ], [ 517550.614548577170353, 2088882.232761767692864 ], [ 517581.057040255807806, 2088882.232761767692864 ], [ 517581.057040255807806, 2088851.790270086377859 ], [ 517611.499531934445258, 2088851.790270086377859 ], [ 517611.499531934445258, 2088730.020303362049162 ], [ 517550.614548577170353, 2088730.020303362049162 ], [ 517550.614548577170353, 2088699.577811680966988 ], [ 517520.172056898532901, 2088699.577811680966988 ], [ 517520.172056898532901, 2088638.69282831880264 ], [ 517489.729565219895449, 2088638.69282831880264 ], [ 517489.729565219895449, 2088669.135319999884814 ], [ 517428.844581862562336, 2088669.135319999884814 ], [ 517428.844581862562336, 2088760.462795043131337 ], [ 517398.402090183924884, 2088760.462795043131337 ], [ 517398.402090183924884, 2088821.347778405295685 ], [ 517367.959598505287431, 2088821.347778405295685 ], [ 517367.959598505287431, 2089004.002728492021561 ], [ 517337.517106826649979, 2089004.002728492021561 ], [ 517337.517106826649979, 2089125.772695216350257 ], [ 517307.074615148012526, 2089125.772695216350257 ], [ 517307.074615148012526, 2089186.657678578514606 ], [ 517337.517106826649979, 2089186.657678578514606 ], [ 517337.517106826649979, 2089217.10017025959678 ] ], [ [ 517428.844581862562336, 2089034.445220173103735 ], [ 517428.844581862562336, 2088973.560236810939386 ], [ 517459.287073541257996, 2088973.560236810939386 ], [ 517459.287073541257996, 2089034.445220173103735 ], [ 517428.844581862562336, 2089034.445220173103735 ] ], [ [ 517459.287073541257996, 2088851.790270086377859 ], [ 517459.287073541257996, 2088821.347778405295685 ], [ 517489.729565219895449, 2088821.347778405295685 ], [ 517489.729565219895449, 2088790.905286724213511 ], [ 517550.614548577170353, 2088790.905286724213511 ], [ 517550.614548577170353, 2088821.347778405295685 ], [ 517520.172056898532901, 2088821.347778405295685 ], [ 517520.172056898532901, 2088851.790270086377859 ], [ 517459.287073541257996, 2088851.790270086377859 ] ] ] ] } },
{ "type": "Feature", "properties": { "DN": 1, "area_rai": 28 }, "geometry": { "type": "MultiPolygon", "coordinates": [ [ [ [ 518129.021890471398365, 2088851.790270086377859 ], [ 518342.119332221918739, 2088851.790270086377859 ], [ 518342.119332221918739, 2088821.347778405295685 ], [ 518372.561823900556192, 2088821.347778405295685 ], [ 518372.561823900556192, 2088790.905286724213511 ], [ 518433.446807257831097, 2088790.905286724213511 ], [ 518433.446807257831097, 2088760.462795043131337 ], [ 518646.544249008293264, 2088760.462795043131337 ], [ 518646.544249008293264, 2088669.135319999884814 ], [ 518676.986740686988924, 2088669.135319999884814 ], [ 518676.986740686988924, 2088577.807844956638291 ], [ 518646.544249008293264, 2088577.807844956638291 ], [ 518646.544249008293264, 2088608.250336637720466 ], [ 518616.101757329655811, 2088608.250336637720466 ], [ 518616.101757329655811, 2088638.69282831880264 ], [ 518585.659265651018359, 2088638.69282831880264 ], [ 518585.659265651018359, 2088669.135319999884814 ], [ 518494.331790615106001, 2088669.135319999884814 ], [ 518494.331790615106001, 2088699.577811680966988 ], [ 518433.446807257831097, 2088699.577811680966988 ], [ 518433.446807257831097, 2088730.020303362049162 ], [ 518281.234348864585627, 2088730.020303362049162 ], [ 518281.234348864585627, 2088760.462795043131337 ], [ 518250.791857185948174, 2088760.462795043131337 ], [ 518250.791857185948174, 2088790.905286724213511 ], [ 518189.90687382867327, 2088790.905286724213511 ], [ 518189.90687382867327, 2088821.347778405295685 ], [ 518129.021890471398365, 2088821.347778405295685 ], [ 518129.021890471398365, 2088851.790270086377859 ] ] ] ] } },
{ "type": "Feature", "properties": { "DN": 0, "area_rai": 231 }, "geometry": { "type": "MultiPolygon", "coordinates": [ [ [ [ 515571.852589465328492, 2089338.870136983925477 ], [ 515632.737572822661605, 2089338.870136983925477 ], [ 515632.737572822661605, 2089308.427645302843302 ], [ 515693.62255617993651, 2089308.427645302843302 ], [ 515693.62255617993651, 2089277.985153621761128 ], [ 515724.065047858573962, 2089277.985153621761128 ], [ 515724.065047858573962, 2089247.542661940678954 ], [ 515754.507539537211414, 2089247.542661940678954 ], [ 515754.507539537211414, 2089186.657678578514606 ], [ 515784.950031215848867, 2089186.657678578514606 ], [ 515784.950031215848867, 2089095.330203535268083 ], [ 515815.392522894486319, 2089095.330203535268083 ], [ 515815.392522894486319, 2089034.445220173103735 ], [ 515845.835014573123772, 2089034.445220173103735 ], [ 515845.835014573123772, 2089004.002728492021561 ], [ 515876.277506251761224, 2089004.002728492021561 ], [ 515876.277506251761224, 2088973.560236810939386 ], [ 515906.719997930398677, 2088973.560236810939386 ], [ 515906.719997930398677, 2088912.675253448775038 ], [ 515937.162489609094337, 2088912.675253448775038 ], [ 515937.162489609094337, 2088851.790270086377859 ], [ 515967.604981287731789, 2088851.790270086377859 ], [ 515967.604981287731789, 2088760.462795043131337 ], [ 515937.162489609094337, 2088760.462795043131337 ], [ 515937.162489609094337, 2088790.905286724213511 ], [ 515906.719997930398677, 2088790.905286724213511 ], [ 515906.719997930398677, 2088730.020303362049162 ], [ 515937.162489609094337, 2088730.020303362049162 ], [ 515937.162489609094337, 2088699.577811680966988 ], [ 516028.489964645006694, 2088699.577811680966988 ], [ 516028.489964645006694, 2088638.69282831880264 ], [ 515937.162489609094337, 2088638.69282831880264 ], [ 515937.162489609094337, 2088608.250336637720466 ], [ 515967.604981287731789, 2088608.250336637720466 ], [ 515967.604981287731789, 2088577.807844956638291 ], [ 516028.489964645006694, 2088577.807844956638291 ], [ 516028.489964645006694, 2088547.365353275556117 ], [ 516119.817439680919051, 2088547.365353275556117 ], [ 516119.817439680919051, 2088456.037878232309595 ], [ 515876.277506251761224, 2088456.037878232309595 ], [ 515876.277506251761224, 2088486.480369913391769 ], [ 515419.64013107214123, 2088486.480369913391769 ], [ 515419.64013107214123, 2088547.365353275556117 ], [ 515389.197639393503778, 2088547.365353275556117 ], [ 515389.197639393503778, 2088577.807844956638291 ], [ 515358.755147714866325, 2088577.807844956638291 ], [ 515358.755147714866325, 2088608.250336637720466 ], [ 515328.312656036228873, 2088608.250336637720466 ], [ 515328.312656036228873, 2088638.69282831880264 ], [ 515297.870164357533213, 2088638.69282831880264 ], [ 515297.870164357533213, 2088699.577811680966988 ], [ 515267.42767267889576, 2088699.577811680966988 ], [ 515267.42767267889576, 2088730.020303362049162 ], [ 515358.755147714866325, 2088730.020303362049162 ], [ 515358.755147714866325, 2088699.577811680966988 ], [ 515389.197639393503778, 2088699.577811680966988 ], [ 515389.197639393503778, 2088638.69282831880264 ], [ 515419.64013107214123, 2088638.69282831880264 ], [ 515419.64013107214123, 2088608.250336637720466 ], [ 515450.082622750778683, 2088608.250336637720466 ], [ 515450.082622750778683, 2088669.135319999884814 ], [ 515510.967606108053587, 2088669.135319999884814 ], [ 515510.967606108053587, 2088821.347778405295685 ], [ 515480.525114429416135, 2088821.347778405295685 ], [ 515480.525114429416135, 2088851.790270086377859 ], [ 515450.082622750778683, 2088851.790270086377859 ], [ 515450.082622750778683, 2088912.675253448775038 ], [ 515480.525114429416135, 2088912.675253448775038 ], [ 515480.525114429416135, 2088943.117745129857212 ], [ 515510.967606108053587, 2088943.117745129857212 ], [ 515510.967606108053587, 2088973.560236810939386 ], [ 515480.525114429416135, 2088973.560236810939386 ], [ 515480.525114429416135, 2089004.002728492021561 ], [ 515450.082622750778683, 2089004.002728492021561 ], [ 515450.082622750778683, 2089034.445220173103735 ], [ 515419.64013107214123, 2089034.445220173103735 ], [ 515419.64013107214123, 2089217.10017025959678 ], [ 515450.082622750778683, 2089217.10017025959678 ], [ 515450.082622750778683, 2089247.542661940678954 ], [ 515480.525114429416135, 2089247.542661940678954 ], [ 515480.525114429416135, 2089277.985153621761128 ], [ 515510.967606108053587, 2089277.985153621761128 ], [ 515510.967606108053587, 2089186.657678578514606 ], [ 515571.852589465328492, 2089186.657678578514606 ], [ 515571.852589465328492, 2089338.870136983925477 ] ], [ [ 515724.065047858573962, 2088973.560236810939386 ], [ 515724.065047858573962, 2088912.675253448775038 ], [ 515754.507539537211414, 2088912.675253448775038 ], [ 515754.507539537211414, 2088943.117745129857212 ], [ 515815.392522894486319, 2088943.117745129857212 ], [ 515815.392522894486319, 2088973.560236810939386 ], [ 515724.065047858573962, 2088973.560236810939386 ] ], [ [ 515724.065047858573962, 2088760.462795043131337 ], [ 515724.065047858573962, 2088730.020303362049162 ], [ 515754.507539537211414, 2088730.020303362049162 ], [ 515754.507539537211414, 2088760.462795043131337 ], [ 515724.065047858573962, 2088760.462795043131337 ] ], [ [ 515663.180064501299057, 2088577.807844956638291 ], [ 515663.180064501299057, 2088547.365353275556117 ], [ 515724.065047858573962, 2088547.365353275556117 ], [ 515724.065047858573962, 2088577.807844956638291 ], [ 515663.180064501299057, 2088577.807844956638291 ] ], [ [ 515724.065047858573962, 2088547.365353275556117 ], [ 515724.065047858573962, 2088516.922861594473943 ], [ 515754.507539537211414, 2088516.922861594473943 ], [ 515754.507539537211414, 2088547.365353275556117 ], [ 515724.065047858573962, 2088547.365353275556117 ] ] ] ] } },
{ "type": "Feature", "properties": { "DN": 0, "area_rai": 2 }, "geometry": { "type": "MultiPolygon", "coordinates": [ [ [ [ 517428.844581862562336, 2088669.135319999884814 ], [ 517489.729565219895449, 2088669.135319999884814 ], [ 517489.729565219895449, 2088608.250336637720466 ], [ 517459.287073541257996, 2088608.250336637720466 ], [ 517459.287073541257996, 2088638.69282831880264 ], [ 517428.844581862562336, 2088638.69282831880264 ], [ 517428.844581862562336, 2088669.135319999884814 ] ] ] ] } },
{ "type": "Feature", "properties": { "DN": 1, "area_rai": 1 }, "geometry": { "type": "MultiPolygon", "coordinates": [ [ [ [ 517976.809432078152895, 2088669.135319999884814 ], [ 518007.251923756790347, 2088669.135319999884814 ], [ 518007.251923756790347, 2088638.69282831880264 ], [ 517976.809432078152895, 2088638.69282831880264 ], [ 517976.809432078152895, 2088669.135319999884814 ] ] ] ] } },
{ "type": "Feature", "properties": { "DN": 1, "area_rai": 1 }, "geometry": { "type": "MultiPolygon", "coordinates": [ [ [ [ 519529.376507688954007, 2088669.135319999884814 ], [ 519559.818999367649667, 2088669.135319999884814 ], [ 519559.818999367649667, 2088638.69282831880264 ], [ 519529.376507688954007, 2088638.69282831880264 ], [ 519529.376507688954007, 2088669.135319999884814 ] ] ] ] } },
{ "type": "Feature", "properties": { "DN": 1, "area_rai": 5 }, "geometry": { "type": "MultiPolygon", "coordinates": [ [ [ [ 515937.162489609094337, 2088638.69282831880264 ], [ 516028.489964645006694, 2088638.69282831880264 ], [ 516028.489964645006694, 2088608.250336637720466 ], [ 516058.932456323644146, 2088608.250336637720466 ], [ 516058.932456323644146, 2088577.807844956638291 ], [ 516089.374948002281599, 2088577.807844956638291 ], [ 516089.374948002281599, 2088547.365353275556117 ], [ 516028.489964645006694, 2088547.365353275556117 ], [ 516028.489964645006694, 2088577.807844956638291 ], [ 515967.604981287731789, 2088577.807844956638291 ], [ 515967.604981287731789, 2088608.250336637720466 ], [ 515937.162489609094337, 2088608.250336637720466 ], [ 515937.162489609094337, 2088638.69282831880264 ] ] ] ] } },
{ "type": "Feature", "properties": { "DN": 0, "area_rai": 1 }, "geometry": { "type": "MultiPolygon", "coordinates": [ [ [ [ 516028.489964645006694, 2088638.69282831880264 ], [ 516058.932456323644146, 2088638.69282831880264 ], [ 516058.932456323644146, 2088608.250336637720466 ], [ 516028.489964645006694, 2088608.250336637720466 ], [ 516028.489964645006694, 2088638.69282831880264 ] ] ] ] } },
{ "type": "Feature", "properties": { "DN": 1, "area_rai": 2 }, "geometry": { "type": "MultiPolygon", "coordinates": [ [ [ [ 518007.251923756790347, 2088638.69282831880264 ], [ 518037.6944154354278, 2088638.69282831880264 ], [ 518037.6944154354278, 2088608.250336637720466 ], [ 518068.13690711412346, 2088608.250336637720466 ], [ 518068.13690711412346, 2088547.365353275556117 ], [ 518037.6944154354278, 2088547.365353275556117 ], [ 518037.6944154354278, 2088577.807844956638291 ], [ 518007.251923756790347, 2088577.807844956638291 ], [ 518007.251923756790347, 2088638.69282831880264 ] ] ] ] } },
{ "type": "Feature", "properties": { "DN": 1, "area_rai": 1 }, "geometry": { "type": "MultiPolygon", "coordinates": [ [ [ [ 519559.818999367649667, 2088638.69282831880264 ], [ 519590.261491046287119, 2088638.69282831880264 ], [ 519590.261491046287119, 2088608.250336637720466 ], [ 519559.818999367649667, 2088608.250336637720466 ], [ 519559.818999367649667, 2088638.69282831880264 ] ] ] ] } },
{ "type": "Feature", "properties": { "DN": 0, "area_rai": 1 }, "geometry": { "type": "MultiPolygon", "coordinates": [ [ [ [ 516058.932456323644146, 2088608.250336637720466 ], [ 516089.374948002281599, 2088608.250336637720466 ], [ 516089.374948002281599, 2088577.807844956638291 ], [ 516058.932456323644146, 2088577.807844956638291 ], [ 516058.932456323644146, 2088608.250336637720466 ] ] ] ] } },
{ "type": "Feature", "properties": { "DN": 1, "area_rai": 1 }, "geometry": { "type": "MultiPolygon", "coordinates": [ [ [ [ 515663.180064501299057, 2088577.807844956638291 ], [ 515724.065047858573962, 2088577.807844956638291 ], [ 515724.065047858573962, 2088547.365353275556117 ], [ 515663.180064501299057, 2088547.365353275556117 ], [ 515663.180064501299057, 2088577.807844956638291 ] ] ] ] } },
{ "type": "Feature", "properties": { "DN": 1, "area_rai": 5 }, "geometry": { "type": "MultiPolygon", "coordinates": [ [ [ [ 518707.429232365626376, 2088730.020303362049162 ], [ 518737.871724044263829, 2088730.020303362049162 ], [ 518737.871724044263829, 2088669.135319999884814 ], [ 518768.314215722901281, 2088669.135319999884814 ], [ 518768.314215722901281, 2088547.365353275556117 ], [ 518676.986740686988924, 2088547.365353275556117 ], [ 518676.986740686988924, 2088577.807844956638291 ], [ 518737.871724044263829, 2088577.807844956638291 ], [ 518737.871724044263829, 2088638.69282831880264 ], [ 518707.429232365626376, 2088638.69282831880264 ], [ 518707.429232365626376, 2088730.020303362049162 ] ] ] ] } },
{ "type": "Feature", "properties": { "DN": 1, "area_rai": 1 }, "geometry": { "type": "MultiPolygon", "coordinates": [ [ [ [ 515724.065047858573962, 2088547.365353275556117 ], [ 515754.507539537211414, 2088547.365353275556117 ], [ 515754.507539537211414, 2088516.922861594473943 ], [ 515724.065047858573962, 2088516.922861594473943 ], [ 515724.065047858573962, 2088547.365353275556117 ] ] ] ] } },
{ "type": "Feature", "properties": { "DN": 1, "area_rai": 1 }, "geometry": { "type": "MultiPolygon", "coordinates": [ [ [ [ 518068.13690711412346, 2088547.365353275556117 ], [ 518098.579398792760912, 2088547.365353275556117 ], [ 518098.579398792760912, 2088516.922861594473943 ], [ 518068.13690711412346, 2088516.922861594473943 ], [ 518068.13690711412346, 2088547.365353275556117 ] ] ] ] } },
{ "type": "Feature", "properties": { "DN": 1, "area_rai": 1 }, "geometry": { "type": "MultiPolygon", "coordinates": [ [ [ [ 519864.243916154024191, 2088547.365353275556117 ], [ 519894.686407832719851, 2088547.365353275556117 ], [ 519894.686407832719851, 2088516.922861594473943 ], [ 519864.243916154024191, 2088516.922861594473943 ], [ 519864.243916154024191, 2088547.365353275556117 ] ] ] ] } },
{ "type": "Feature", "properties": { "DN": 0, "area_rai": 1 }, "geometry": { "type": "MultiPolygon", "coordinates": [ [ [ [ 519864.243916154024191, 2088516.922861594473943 ], [ 519894.686407832719851, 2088516.922861594473943 ], [ 519894.686407832719851, 2088486.480369913391769 ], [ 519864.243916154024191, 2088486.480369913391769 ], [ 519864.243916154024191, 2088516.922861594473943 ] ] ] ] } },
{ "type": "Feature", "properties": { "DN": 0, "area_rai": 1 }, "geometry": { "type": "MultiPolygon", "coordinates": [ [ [ [ 519894.686407832719851, 2088486.480369913391769 ], [ 519925.128899511357304, 2088486.480369913391769 ], [ 519925.128899511357304, 2088456.037878232309595 ], [ 519894.686407832719851, 2088456.037878232309595 ], [ 519894.686407832719851, 2088486.480369913391769 ] ] ] ] } },
{ "type": "Feature", "properties": { "DN": 0, "area_rai": 1 }, "geometry": { "type": "MultiPolygon", "coordinates": [ [ [ [ 519925.128899511357304, 2088456.037878232309595 ], [ 519955.571391189994756, 2088456.037878232309595 ], [ 519955.571391189994756, 2088425.595386551227421 ], [ 519925.128899511357304, 2088425.595386551227421 ], [ 519925.128899511357304, 2088456.037878232309595 ] ] ] ] } },
{ "type": "Feature", "properties": { "DN": 1, "area_rai": 5 }, "geometry": { "type": "MultiPolygon", "coordinates": [ [ [ [ 519894.686407832719851, 2088516.922861594473943 ], [ 519955.571391189994756, 2088516.922861594473943 ], [ 519955.571391189994756, 2088486.480369913391769 ], [ 520016.456374547269661, 2088486.480369913391769 ], [ 520016.456374547269661, 2088395.152894870145246 ], [ 519986.013882868632209, 2088395.152894870145246 ], [ 519986.013882868632209, 2088425.595386551227421 ], [ 519955.571391189994756, 2088425.595386551227421 ], [ 519955.571391189994756, 2088456.037878232309595 ], [ 519925.128899511357304, 2088456.037878232309595 ], [ 519925.128899511357304, 2088486.480369913391769 ], [ 519894.686407832719851, 2088486.480369913391769 ], [ 519894.686407832719851, 2088516.922861594473943 ] ] ] ] } },
{ "type": "Feature", "properties": { "DN": 0, "area_rai": 3 }, "geometry": { "type": "MultiPolygon", "coordinates": [ [ [ [ 517976.809432078152895, 2088486.480369913391769 ], [ 518037.6944154354278, 2088486.480369913391769 ], [ 518037.6944154354278, 2088425.595386551227421 ], [ 518007.251923756790347, 2088425.595386551227421 ], [ 518007.251923756790347, 2088395.152894870145246 ], [ 517976.809432078152895, 2088395.152894870145246 ], [ 517976.809432078152895, 2088486.480369913391769 ] ] ] ] } },
{ "type": "Feature", "properties": { "DN": 1, "area_rai": 1 }, "geometry": { "type": "MultiPolygon", "coordinates": [ [ [ [ 518159.464382150035817, 2088425.595386551227421 ], [ 518189.90687382867327, 2088425.595386551227421 ], [ 518189.90687382867327, 2088395.152894870145246 ], [ 518159.464382150035817, 2088395.152894870145246 ], [ 518159.464382150035817, 2088425.595386551227421 ] ] ] ] } },
{ "type": "Feature", "properties": { "DN": 0, "area_rai": 1 }, "geometry": { "type": "MultiPolygon", "coordinates": [ [ [ [ 519955.571391189994756, 2088425.595386551227421 ], [ 519986.013882868632209, 2088425.595386551227421 ], [ 519986.013882868632209, 2088395.152894870145246 ], [ 519955.571391189994756, 2088395.152894870145246 ], [ 519955.571391189994756, 2088425.595386551227421 ] ] ] ] } },
{ "type": "Feature", "properties": { "DN": 0, "area_rai": 1 }, "geometry": { "type": "MultiPolygon", "coordinates": [ [ [ [ 518098.579398792760912, 2088395.152894870145246 ], [ 518129.021890471398365, 2088395.152894870145246 ], [ 518129.021890471398365, 2088334.267911507980898 ], [ 518098.579398792760912, 2088334.267911507980898 ], [ 518098.579398792760912, 2088395.152894870145246 ] ] ] ] } },
{ "type": "Feature", "properties": { "DN": 0, "area_rai": 30 }, "geometry": { "type": "MultiPolygon", "coordinates": [ [ [ [ 515845.835014573123772, 2088334.267911507980898 ], [ 516119.817439680919051, 2088334.267911507980898 ], [ 516119.817439680919051, 2088303.825419826898724 ], [ 516211.144914716831408, 2088303.825419826898724 ], [ 516211.144914716831408, 2088212.497944783652201 ], [ 516180.702423038193956, 2088212.497944783652201 ], [ 516180.702423038193956, 2088182.055453102570027 ], [ 516150.259931359556504, 2088182.055453102570027 ], [ 516150.259931359556504, 2088212.497944783652201 ], [ 516028.489964645006694, 2088212.497944783652201 ], [ 516028.489964645006694, 2088182.055453102570027 ], [ 515876.277506251761224, 2088182.055453102570027 ], [ 515876.277506251761224, 2088212.497944783652201 ], [ 515845.835014573123772, 2088212.497944783652201 ], [ 515845.835014573123772, 2088334.267911507980898 ] ] ] ] } },
{ "type": "Feature", "properties": { "DN": 0, "area_rai": 1 }, "geometry": { "type": "MultiPolygon", "coordinates": [ [ [ [ 518189.90687382867327, 2088273.38292814581655 ], [ 518220.349365507310722, 2088273.38292814581655 ], [ 518220.349365507310722, 2088242.940436464734375 ], [ 518189.90687382867327, 2088242.940436464734375 ], [ 518189.90687382867327, 2088273.38292814581655 ] ] ] ] } },
{ "type": "Feature", "properties": { "DN": 1, "area_rai": 1 }, "geometry": { "type": "MultiPolygon", "coordinates": [ [ [ [ 518189.90687382867327, 2088242.940436464734375 ], [ 518220.349365507310722, 2088242.940436464734375 ], [ 518220.349365507310722, 2088212.497944783652201 ], [ 518189.90687382867327, 2088212.497944783652201 ], [ 518189.90687382867327, 2088242.940436464734375 ] ] ] ] } },
{ "type": "Feature", "properties": { "DN": 0, "area_rai": 6 }, "geometry": { "type": "MultiPolygon", "coordinates": [ [ [ [ 518129.021890471398365, 2088303.825419826898724 ], [ 518159.464382150035817, 2088303.825419826898724 ], [ 518159.464382150035817, 2088242.940436464734375 ], [ 518189.90687382867327, 2088242.940436464734375 ], [ 518189.90687382867327, 2088212.497944783652201 ], [ 518220.349365507310722, 2088212.497944783652201 ], [ 518220.349365507310722, 2088182.055453102570027 ], [ 518189.90687382867327, 2088182.055453102570027 ], [ 518189.90687382867327, 2088090.727978059323505 ], [ 518159.464382150035817, 2088090.727978059323505 ], [ 518159.464382150035817, 2088182.055453102570027 ], [ 518129.021890471398365, 2088182.055453102570027 ], [ 518129.021890471398365, 2088303.825419826898724 ] ] ] ] } },
{ "type": "Feature", "properties": { "DN": 1, "area_rai": 1 }, "geometry": { "type": "MultiPolygon", "coordinates": [ [ [ [ 518250.791857185948174, 2088151.612961421487853 ], [ 518281.234348864585627, 2088151.612961421487853 ], [ 518281.234348864585627, 2088090.727978059323505 ], [ 518250.791857185948174, 2088090.727978059323505 ], [ 518250.791857185948174, 2088151.612961421487853 ] ] ] ] } },
{ "type": "Feature", "properties": { "DN": 0, "area_rai": 5 }, "geometry": { "type": "MultiPolygon", "coordinates": [ [ [ [ 518220.349365507310722, 2088090.727978059323505 ], [ 518281.234348864585627, 2088090.727978059323505 ], [ 518281.234348864585627, 2087968.958011334994808 ], [ 518220.349365507310722, 2087968.958011334994808 ], [ 518220.349365507310722, 2088090.727978059323505 ] ] ] ] } },
{ "type": "Feature", "properties": { "DN": 0, "area_rai": 3 }, "geometry": { "type": "MultiPolygon", "coordinates": [ [ [ [ 518037.6944154354278, 2088060.28548637824133 ], [ 518068.13690711412346, 2088060.28548637824133 ], [ 518068.13690711412346, 2088029.842994697159156 ], [ 518098.579398792760912, 2088029.842994697159156 ], [ 518098.579398792760912, 2087999.400503016076982 ], [ 518129.021890471398365, 2087999.400503016076982 ], [ 518129.021890471398365, 2087968.958011334994808 ], [ 518068.13690711412346, 2087968.958011334994808 ], [ 518068.13690711412346, 2087999.400503016076982 ], [ 518037.6944154354278, 2087999.400503016076982 ], [ 518037.6944154354278, 2088060.28548637824133 ] ] ] ] } },
{ "type": "Feature", "properties": { "DN": 1, "area_rai": 1 }, "geometry": { "type": "MultiPolygon", "coordinates": [ [ [ [ 518250.791857185948174, 2087968.958011334994808 ], [ 518281.234348864585627, 2087968.958011334994808 ], [ 518281.234348864585627, 2087938.515519653912634 ], [ 518250.791857185948174, 2087938.515519653912634 ], [ 518250.791857185948174, 2087968.958011334994808 ] ] ] ] } },
{ "type": "Feature", "properties": { "DN": 1, "area_rai": 67 }, "geometry": { "type": "MultiPolygon", "coordinates": [ [ [ [ 518007.251923756790347, 2088425.595386551227421 ], [ 518068.13690711412346, 2088425.595386551227421 ], [ 518068.13690711412346, 2088395.152894870145246 ], [ 518098.579398792760912, 2088395.152894870145246 ], [ 518098.579398792760912, 2088334.267911507980898 ], [ 518129.021890471398365, 2088334.267911507980898 ], [ 518129.021890471398365, 2088364.710403189063072 ], [ 518189.90687382867327, 2088364.710403189063072 ], [ 518189.90687382867327, 2088242.940436464734375 ], [ 518159.464382150035817, 2088242.940436464734375 ], [ 518159.464382150035817, 2088303.825419826898724 ], [ 518129.021890471398365, 2088303.825419826898724 ], [ 518129.021890471398365, 2088182.055453102570027 ], [ 518159.464382150035817, 2088182.055453102570027 ], [ 518159.464382150035817, 2088090.727978059323505 ], [ 518129.021890471398365, 2088090.727978059323505 ], [ 518129.021890471398365, 2087999.400503016076982 ], [ 518098.579398792760912, 2087999.400503016076982 ], [ 518098.579398792760912, 2088029.842994697159156 ], [ 518068.13690711412346, 2088029.842994697159156 ], [ 518068.13690711412346, 2088060.28548637824133 ], [ 518037.6944154354278, 2088060.28548637824133 ], [ 518037.6944154354278, 2088151.612961421487853 ], [ 518007.251923756790347, 2088151.612961421487853 ], [ 518007.251923756790347, 2088212.497944783652201 ], [ 517946.366940399515443, 2088212.497944783652201 ], [ 517946.366940399515443, 2088182.055453102570027 ], [ 517915.92444872087799, 2088182.055453102570027 ], [ 517915.92444872087799, 2088121.170469740405679 ], [ 517946.366940399515443, 2088121.170469740405679 ], [ 517946.366940399515443, 2088029.842994697159156 ], [ 517976.809432078152895, 2088029.842994697159156 ], [ 517976.809432078152895, 2087999.400503016076982 ], [ 518007.251923756790347, 2087999.400503016076982 ], [ 518007.251923756790347, 2087968.958011334994808 ], [ 518037.6944154354278, 2087968.958011334994808 ], [ 518037.6944154354278, 2087999.400503016076982 ], [ 518068.13690711412346, 2087999.400503016076982 ], [ 518068.13690711412346, 2087968.958011334994808 ], [ 518098.579398792760912, 2087968.958011334994808 ], [ 518098.579398792760912, 2087938.515519653912634 ], [ 518037.6944154354278, 2087938.515519653912634 ], [ 518037.6944154354278, 2087908.073027972830459 ], [ 517946.366940399515443, 2087908.073027972830459 ], [ 517946.366940399515443, 2087938.515519653912634 ], [ 517885.481957042240538, 2087938.515519653912634 ], [ 517885.481957042240538, 2087999.400503016076982 ], [ 517855.039465363603085, 2087999.400503016076982 ], [ 517855.039465363603085, 2088029.842994697159156 ], [ 517824.596973684965633, 2088029.842994697159156 ], [ 517824.596973684965633, 2088242.940436464734375 ], [ 517855.039465363603085, 2088242.940436464734375 ], [ 517855.039465363603085, 2088273.38292814581655 ], [ 517885.481957042240538, 2088273.38292814581655 ], [ 517885.481957042240538, 2088303.825419826898724 ], [ 517915.92444872087799, 2088303.825419826898724 ], [ 517915.92444872087799, 2088334.267911507980898 ], [ 517946.366940399515443, 2088334.267911507980898 ], [ 517946.366940399515443, 2088364.710403189063072 ], [ 517976.809432078152895, 2088364.710403189063072 ], [ 517976.809432078152895, 2088395.152894870145246 ], [ 518007.251923756790347, 2088395.152894870145246 ], [ 518007.251923756790347, 2088425.595386551227421 ] ] ] ] } },
{ "type": "Feature", "properties": { "DN": 0, "area_rai": 1 }, "geometry": { "type": "MultiPolygon", "coordinates": [ [ [ [ 518281.234348864585627, 2087938.515519653912634 ], [ 518311.676840543223079, 2087938.515519653912634 ], [ 518311.676840543223079, 2087908.073027972830459 ], [ 518281.234348864585627, 2087908.073027972830459 ], [ 518281.234348864585627, 2087938.515519653912634 ] ] ] ] } },
{ "type": "Feature", "properties": { "DN": 1, "area_rai": 2 }, "geometry": { "type": "MultiPolygon", "coordinates": [ [ [ [ 518129.021890471398365, 2087816.745552929583937 ], [ 518159.464382150035817, 2087816.745552929583937 ], [ 518159.464382150035817, 2087786.303061248501763 ], [ 518189.90687382867327, 2087786.303061248501763 ], [ 518189.90687382867327, 2087725.418077886337414 ], [ 518159.464382150035817, 2087725.418077886337414 ], [ 518159.464382150035817, 2087755.860569567419589 ], [ 518129.021890471398365, 2087755.860569567419589 ], [ 518129.021890471398365, 2087816.745552929583937 ] ] ] ] } },
{ "type": "Feature", "properties": { "DN": 1, "area_rai": 1 }, "geometry": { "type": "MultiPolygon", "coordinates": [ [ [ [ 518281.234348864585627, 2087420.993161075282842 ], [ 518311.676840543223079, 2087420.993161075282842 ], [ 518311.676840543223079, 2087390.550669394200668 ], [ 518281.234348864585627, 2087390.550669394200668 ], [ 518281.234348864585627, 2087420.993161075282842 ] ] ] ] } },
{ "type": "Feature", "properties": { "DN": 1, "area_rai": 2 }, "geometry": { "type": "MultiPolygon", "coordinates": [ [ [ [ 518311.676840543223079, 2087360.108177713118494 ], [ 518342.119332221918739, 2087360.108177713118494 ], [ 518342.119332221918739, 2087268.780702669871971 ], [ 518311.676840543223079, 2087268.780702669871971 ], [ 518311.676840543223079, 2087360.108177713118494 ] ] ] ] } },
{ "type": "Feature", "properties": { "DN": 1, "area_rai": 2 }, "geometry": { "type": "MultiPolygon", "coordinates": [ [ [ [ 518342.119332221918739, 2087268.780702669871971 ], [ 518372.561823900556192, 2087268.780702669871971 ], [ 518372.561823900556192, 2087177.453227626625448 ], [ 518342.119332221918739, 2087177.453227626625448 ], [ 518342.119332221918739, 2087268.780702669871971 ] ] ] ] } },
{ "type": "Feature", "properties": { "DN": 1, "area_rai": 1 }, "geometry": { "type": "MultiPolygon", "coordinates": [ [ [ [ 518372.561823900556192, 2087177.453227626625448 ], [ 518403.004315579193644, 2087177.453227626625448 ], [ 518403.004315579193644, 2087116.5682442644611 ], [ 518372.561823900556192, 2087116.5682442644611 ], [ 518372.561823900556192, 2087177.453227626625448 ] ] ] ] } },
{ "type": "Feature", "properties": { "DN": 1, "area_rai": 1 }, "geometry": { "type": "MultiPolygon", "coordinates": [ [ [ [ 518403.004315579193644, 2087116.5682442644611 ], [ 518433.446807257831097, 2087116.5682442644611 ], [ 518433.446807257831097, 2087055.683260902296752 ], [ 518403.004315579193644, 2087055.683260902296752 ], [ 518403.004315579193644, 2087116.5682442644611 ] ] ] ] } },
{ "type": "Feature", "properties": { "DN": 1, "area_rai": 1 }, "geometry": { "type": "MultiPolygon", "coordinates": [ [ [ [ 518433.446807257831097, 2087055.683260902296752 ], [ 518463.889298936468549, 2087055.683260902296752 ], [ 518463.889298936468549, 2087025.240769221214578 ], [ 518433.446807257831097, 2087025.240769221214578 ], [ 518433.446807257831097, 2087055.683260902296752 ] ] ] ] } },
{ "type": "Feature", "properties": { "DN": 0, "area_rai": 1 }, "geometry": { "type": "MultiPolygon", "coordinates": [ [ [ [ 518524.774282293743454, 2086812.143327453639358 ], [ 518555.216773972380906, 2086812.143327453639358 ], [ 518555.216773972380906, 2086781.700835772557184 ], [ 518524.774282293743454, 2086781.700835772557184 ], [ 518524.774282293743454, 2086812.143327453639358 ] ] ] ] } },
{ "type": "Feature", "properties": { "DN": 1, "area_rai": 19 }, "geometry": { "type": "MultiPolygon", "coordinates": [ [ [ [ 518463.889298936468549, 2086994.798277540132403 ], [ 518494.331790615106001, 2086994.798277540132403 ], [ 518494.331790615106001, 2086964.355785859050229 ], [ 518524.774282293743454, 2086964.355785859050229 ], [ 518524.774282293743454, 2086933.913294177968055 ], [ 518585.659265651018359, 2086933.913294177968055 ], [ 518585.659265651018359, 2086751.25834409147501 ], [ 518616.101757329655811, 2086751.25834409147501 ], [ 518616.101757329655811, 2086720.815852410392836 ], [ 518555.216773972380906, 2086720.815852410392836 ], [ 518555.216773972380906, 2086690.373360729310662 ], [ 518494.331790615106001, 2086690.373360729310662 ], [ 518494.331790615106001, 2086751.25834409147501 ], [ 518463.889298936468549, 2086751.25834409147501 ], [ 518463.889298936468549, 2086781.700835772557184 ], [ 518433.446807257831097, 2086781.700835772557184 ], [ 518433.446807257831097, 2086812.143327453639358 ], [ 518463.889298936468549, 2086812.143327453639358 ], [ 518463.889298936468549, 2086994.798277540132403 ] ], [ [ 518524.774282293743454, 2086812.143327453639358 ], [ 518524.774282293743454, 2086781.700835772557184 ], [ 518555.216773972380906, 2086781.700835772557184 ], [ 518555.216773972380906, 2086812.143327453639358 ], [ 518524.774282293743454, 2086812.143327453639358 ] ] ] ] } },
{ "type": "Feature", "properties": { "DN": 0, "area_rai": 5 }, "geometry": { "type": "MultiPolygon", "coordinates": [ [ [ [ 518463.889298936468549, 2086751.25834409147501 ], [ 518494.331790615106001, 2086751.25834409147501 ], [ 518494.331790615106001, 2086690.373360729310662 ], [ 518555.216773972380906, 2086690.373360729310662 ], [ 518555.216773972380906, 2086659.930869048228487 ], [ 518524.774282293743454, 2086659.930869048228487 ], [ 518524.774282293743454, 2086629.488377367146313 ], [ 518433.446807257831097, 2086629.488377367146313 ], [ 518433.446807257831097, 2086690.373360729310662 ], [ 518463.889298936468549, 2086690.373360729310662 ], [ 518463.889298936468549, 2086751.25834409147501 ] ] ] ] } },
{ "type": "Feature", "properties": { "DN": 1, "area_rai": 1 }, "geometry": { "type": "MultiPolygon", "coordinates": [ [ [ [ 518798.756707401538733, 2086385.94844391848892 ], [ 518829.199199080176186, 2086385.94844391848892 ], [ 518829.199199080176186, 2086355.505952237173915 ], [ 518798.756707401538733, 2086355.505952237173915 ], [ 518798.756707401538733, 2086385.94844391848892 ] ] ] ] } },
{ "type": "Feature", "properties": { "DN": 1, "area_rai": 1 }, "geometry": { "type": "MultiPolygon", "coordinates": [ [ [ [ 518768.314215722901281, 2086355.505952237173915 ], [ 518798.756707401538733, 2086355.505952237173915 ], [ 518798.756707401538733, 2086294.620968875009567 ], [ 518768.314215722901281, 2086294.620968875009567 ], [ 518768.314215722901281, 2086355.505952237173915 ] ] ] ] } },
{ "type": "Feature", "properties": { "DN": 1, "area_rai": 2 }, "geometry": { "type": "MultiPolygon", "coordinates": [ [ [ [ 518707.429232365626376, 2086233.735985512845218 ], [ 518737.871724044263829, 2086233.735985512845218 ], [ 518737.871724044263829, 2086172.85100215068087 ], [ 518707.429232365626376, 2086172.85100215068087 ], [ 518707.429232365626376, 2086142.408510469598696 ], [ 518676.986740686988924, 2086142.408510469598696 ], [ 518676.986740686988924, 2086203.293493831763044 ], [ 518707.429232365626376, 2086203.293493831763044 ], [ 518707.429232365626376, 2086233.735985512845218 ] ] ] ] } },
{ "type": "Feature", "properties": { "DN": 0, "area_rai": 1 }, "geometry": { "type": "MultiPolygon", "coordinates": [ [ [ [ 518707.429232365626376, 2086172.85100215068087 ], [ 518737.871724044263829, 2086172.85100215068087 ], [ 518737.871724044263829, 2086111.966018788516521 ], [ 518707.429232365626376, 2086111.966018788516521 ], [ 518707.429232365626376, 2086172.85100215068087 ] ] ] ] } },
{ "type": "Feature", "properties": { "DN": 1, "area_rai": 1 }, "geometry": { "type": "MultiPolygon", "coordinates": [ [ [ [ 516576.454814860597253, 2086051.081035426352173 ], [ 516606.897306539234705, 2086051.081035426352173 ], [ 516606.897306539234705, 2086020.638543745269999 ], [ 516576.454814860597253, 2086020.638543745269999 ], [ 516576.454814860597253, 2086051.081035426352173 ] ] ] ] } },
{ "type": "Feature", "properties": { "DN": 1, "area_rai": 1 }, "geometry": { "type": "MultiPolygon", "coordinates": [ [ [ [ 518494.331790615106001, 2086051.081035426352173 ], [ 518524.774282293743454, 2086051.081035426352173 ], [ 518524.774282293743454, 2085990.196052064187825 ], [ 518494.331790615106001, 2085990.196052064187825 ], [ 518494.331790615106001, 2086051.081035426352173 ] ] ] ] } },
{ "type": "Feature", "properties": { "DN": 0, "area_rai": 11 }, "geometry": { "type": "MultiPolygon", "coordinates": [ [ [ [ 518494.331790615106001, 2086111.966018788516521 ], [ 518555.216773972380906, 2086111.966018788516521 ], [ 518555.216773972380906, 2086081.523527107434347 ], [ 518585.659265651018359, 2086081.523527107434347 ], [ 518585.659265651018359, 2086051.081035426352173 ], [ 518616.101757329655811, 2086051.081035426352173 ], [ 518616.101757329655811, 2085898.868577020941302 ], [ 518555.216773972380906, 2085898.868577020941302 ], [ 518555.216773972380906, 2085959.753560383105651 ], [ 518524.774282293743454, 2085959.753560383105651 ], [ 518524.774282293743454, 2086051.081035426352173 ], [ 518463.889298936468549, 2086051.081035426352173 ], [ 518463.889298936468549, 2086081.523527107434347 ], [ 518494.331790615106001, 2086081.523527107434347 ], [ 518494.331790615106001, 2086111.966018788516521 ] ] ] ] } },
{ "type": "Feature", "properties": { "DN": 0, "area_rai": 1 }, "geometry": { "type": "MultiPolygon", "coordinates": [ [ [ [ 518646.544249008293264, 2085929.311068702023476 ], [ 518676.986740686988924, 2085929.311068702023476 ], [ 518676.986740686988924, 2085898.868577020941302 ], [ 518646.544249008293264, 2085898.868577020941302 ], [ 518646.544249008293264, 2085929.311068702023476 ] ] ] ] } },
{ "type": "Feature", "properties": { "DN": 0, "area_rai": 3 }, "geometry": { "type": "MultiPolygon", "coordinates": [ [ [ [ 518616.101757329655811, 2085868.426085339859128 ], [ 518646.544249008293264, 2085868.426085339859128 ], [ 518646.544249008293264, 2085837.983593658776954 ], [ 518676.986740686988924, 2085837.983593658776954 ], [ 518676.986740686988924, 2085777.098610296612605 ], [ 518616.101757329655811, 2085777.098610296612605 ], [ 518616.101757329655811, 2085868.426085339859128 ] ] ] ] } },
{ "type": "Feature", "properties": { "DN": 0, "area_rai": 1 }, "geometry": { "type": "MultiPolygon", "coordinates": [ [ [ [ 518676.986740686988924, 2085777.098610296612605 ], [ 518707.429232365626376, 2085777.098610296612605 ], [ 518707.429232365626376, 2085746.656118615530431 ], [ 518676.986740686988924, 2085746.656118615530431 ], [ 518676.986740686988924, 2085777.098610296612605 ] ] ] ] } },
{ "type": "Feature", "properties": { "DN": 0, "area_rai": 2 }, "geometry": { "type": "MultiPolygon", "coordinates": [ [ [ [ 518707.429232365626376, 2085716.213626934448257 ], [ 518737.871724044263829, 2085716.213626934448257 ], [ 518737.871724044263829, 2085685.771135253366083 ], [ 518768.314215722901281, 2085685.771135253366083 ], [ 518768.314215722901281, 2085655.328643572283909 ], [ 518707.429232365626376, 2085655.328643572283909 ], [ 518707.429232365626376, 2085716.213626934448257 ] ] ] ] } },
{ "type": "Feature", "properties": { "DN": 0, "area_rai": 1 }, "geometry": { "type": "MultiPolygon", "coordinates": [ [ [ [ 518707.429232365626376, 2085594.44366021011956 ], [ 518737.871724044263829, 2085594.44366021011956 ], [ 518737.871724044263829, 2085564.001168529037386 ], [ 518707.429232365626376, 2085564.001168529037386 ], [ 518707.429232365626376, 2085594.44366021011956 ] ] ] ] } },
{ "type": "Feature", "properties": { "DN": 0, "area_rai": 4 }, "geometry": { "type": "MultiPolygon", "coordinates": [ [ [ [ 518676.986740686988924, 2085533.558676847955212 ], [ 518707.429232365626376, 2085533.558676847955212 ], [ 518707.429232365626376, 2085503.116185166873038 ], [ 518737.871724044263829, 2085503.116185166873038 ], [ 518737.871724044263829, 2085411.788710123626515 ], [ 518676.986740686988924, 2085411.788710123626515 ], [ 518676.986740686988924, 2085533.558676847955212 ] ] ] ] } },
{ "type": "Feature", "properties": { "DN": 0, "area_rai": 8 }, "geometry": { "type": "MultiPolygon", "coordinates": [ [ [ [ 518859.641690758813638, 2085350.903726761462167 ], [ 518920.526674116088543, 2085350.903726761462167 ], [ 518920.526674116088543, 2085259.576251718215644 ], [ 518890.084182437451091, 2085259.576251718215644 ], [ 518890.084182437451091, 2085229.13376003713347 ], [ 518859.641690758813638, 2085229.13376003713347 ], [ 518859.641690758813638, 2085198.691268356051296 ], [ 518798.756707401538733, 2085198.691268356051296 ], [ 518798.756707401538733, 2085290.018743399297819 ], [ 518829.199199080176186, 2085290.018743399297819 ], [ 518829.199199080176186, 2085320.461235080379993 ], [ 518859.641690758813638, 2085320.461235080379993 ], [ 518859.641690758813638, 2085350.903726761462167 ] ] ] ] } },
{ "type": "Feature", "properties": { "DN": 1, "area_rai": 2 }, "geometry": { "type": "MultiPolygon", "coordinates": [ [ [ [ 519164.06660754524637, 2084985.593826588243246 ], [ 519255.394082581158727, 2084985.593826588243246 ], [ 519255.394082581158727, 2084955.151334907161072 ], [ 519164.06660754524637, 2084955.151334907161072 ], [ 519164.06660754524637, 2084985.593826588243246 ] ] ] ] } },
{ "type": "Feature", "properties": { "DN": 1, "area_rai": 1 }, "geometry": { "type": "MultiPolygon", "coordinates": [ [ [ [ 519377.164049295766745, 2084924.708843226078898 ], [ 519407.606540974404197, 2084924.708843226078898 ], [ 519407.606540974404197, 2084863.823859863914549 ], [ 519377.164049295766745, 2084863.823859863914549 ], [ 519377.164049295766745, 2084924.708843226078898 ] ] ] ] } },
{ "type": "Feature", "properties": { "DN": 0, "area_rai": 48 }, "geometry": { "type": "MultiPolygon", "coordinates": [ [ [ [ 519011.854149152059108, 2085107.363793312804773 ], [ 519072.739132509334013, 2085107.363793312804773 ], [ 519072.739132509334013, 2085076.921301631722599 ], [ 519103.181624187971465, 2085076.921301631722599 ], [ 519103.181624187971465, 2085046.478809950407594 ], [ 519133.624115866608918, 2085046.478809950407594 ], [ 519133.624115866608918, 2085016.036318269558251 ], [ 519194.509099223883823, 2085016.036318269558251 ], [ 519194.509099223883823, 2084985.593826588243246 ], [ 519164.06660754524637, 2084985.593826588243246 ], [ 519164.06660754524637, 2084955.151334907161072 ], [ 519103.181624187971465, 2084955.151334907161072 ], [ 519103.181624187971465, 2084802.938876501750201 ], [ 519042.29664083069656, 2084802.938876501750201 ], [ 519042.29664083069656, 2084742.053893139585853 ], [ 519072.739132509334013, 2084742.053893139585853 ], [ 519072.739132509334013, 2084650.72641809633933 ], [ 518981.411657473421656, 2084650.72641809633933 ], [ 518981.411657473421656, 2084742.053893139585853 ], [ 518950.969165794784203, 2084742.053893139585853 ], [ 518950.969165794784203, 2084802.938876501750201 ], [ 518920.526674116088543, 2084802.938876501750201 ], [ 518920.526674116088543, 2084833.381368182832375 ], [ 518859.641690758813638, 2084833.381368182832375 ], [ 518859.641690758813638, 2084955.151334907161072 ], [ 518890.084182437451091, 2084955.151334907161072 ], [ 518890.084182437451091, 2084985.593826588243246 ], [ 518920.526674116088543, 2084985.593826588243246 ], [ 518920.526674116088543, 2085016.036318269558251 ], [ 518981.411657473421656, 2085016.036318269558251 ], [ 518981.411657473421656, 2085076.921301631722599 ], [ 519011.854149152059108, 2085076.921301631722599 ], [ 519011.854149152059108, 2085107.363793312804773 ] ] ] ] } },
{ "type": "Feature", "properties": { "DN": 1, "area_rai": 3 }, "geometry": { "type": "MultiPolygon", "coordinates": [ [ [ [ 519346.721557617129292, 2084863.823859863914549 ], [ 519377.164049295766745, 2084863.823859863914549 ], [ 519377.164049295766745, 2084772.496384820668027 ], [ 519407.606540974404197, 2084772.496384820668027 ], [ 519407.606540974404197, 2084711.611401458503678 ], [ 519377.164049295766745, 2084711.611401458503678 ], [ 519377.164049295766745, 2084742.053893139585853 ], [ 519346.721557617129292, 2084742.053893139585853 ], [ 519346.721557617129292, 2084863.823859863914549 ] ] ] ] } },
{ "type": "Feature", "properties": { "DN": 0, "area_rai": 7 }, "geometry": { "type": "MultiPolygon", "coordinates": [ [ [ [ 519255.394082581158727, 2084833.381368182832375 ], [ 519346.721557617129292, 2084833.381368182832375 ], [ 519346.721557617129292, 2084772.496384820668027 ], [ 519316.27906593849184, 2084772.496384820668027 ], [ 519316.27906593849184, 2084742.053893139585853 ], [ 519285.836574259854387, 2084742.053893139585853 ], [ 519285.836574259854387, 2084711.611401458503678 ], [ 519224.951590902521275, 2084711.611401458503678 ], [ 519224.951590902521275, 2084802.938876501750201 ], [ 519255.394082581158727, 2084802.938876501750201 ], [ 519255.394082581158727, 2084833.381368182832375 ] ] ] ] } },
{ "type": "Feature", "properties": { "DN": 1, "area_rai": 1 }, "geometry": { "type": "MultiPolygon", "coordinates": [ [ [ [ 519194.509099223883823, 2084772.496384820668027 ], [ 519224.951590902521275, 2084772.496384820668027 ], [ 519224.951590902521275, 2084742.053893139585853 ], [ 519194.509099223883823, 2084742.053893139585853 ], [ 519194.509099223883823, 2084772.496384820668027 ] ] ] ] } },
{ "type": "Feature", "properties": { "DN": 1, "area_rai": 1 }, "geometry": { "type": "MultiPolygon", "coordinates": [ [ [ [ 519407.606540974404197, 2084681.168909777421504 ], [ 519438.04903265304165, 2084681.168909777421504 ], [ 519438.04903265304165, 2084650.72641809633933 ], [ 519407.606540974404197, 2084650.72641809633933 ], [ 519407.606540974404197, 2084681.168909777421504 ] ] ] ] } },
{ "type": "Feature", "properties": { "DN": 0, "area_rai": 1 }, "geometry": { "type": "MultiPolygon", "coordinates": [ [ [ [ 519407.606540974404197, 2084650.72641809633933 ], [ 519438.04903265304165, 2084650.72641809633933 ], [ 519438.04903265304165, 2084620.283926415257156 ], [ 519407.606540974404197, 2084620.283926415257156 ], [ 519407.606540974404197, 2084650.72641809633933 ] ] ] ] } },
{ "type": "Feature", "properties": { "DN": 1, "area_rai": 2 }, "geometry": { "type": "MultiPolygon", "coordinates": [ [ [ [ 519438.04903265304165, 2084620.283926415257156 ], [ 519468.491524331679102, 2084620.283926415257156 ], [ 519468.491524331679102, 2084589.841434734174982 ], [ 519498.934016010316554, 2084589.841434734174982 ], [ 519498.934016010316554, 2084559.398943053092808 ], [ 519438.04903265304165, 2084559.398943053092808 ], [ 519438.04903265304165, 2084620.283926415257156 ] ] ] ] } },
{ "type": "Feature", "properties": { "DN": 1, "area_rai": 1 }, "geometry": { "type": "MultiPolygon", "coordinates": [ [ [ [ 519498.934016010316554, 2084559.398943053092808 ], [ 519529.376507688954007, 2084559.398943053092808 ], [ 519529.376507688954007, 2084528.956451372010633 ], [ 519498.934016010316554, 2084528.956451372010633 ], [ 519498.934016010316554, 2084559.398943053092808 ] ] ] ] } },
{ "type": "Feature", "properties": { "DN": 0, "area_rai": 3 }, "geometry": { "type": "MultiPolygon", "coordinates": [ [ [ [ 519468.491524331679102, 2084559.398943053092808 ], [ 519498.934016010316554, 2084559.398943053092808 ], [ 519498.934016010316554, 2084528.956451372010633 ], [ 519529.376507688954007, 2084528.956451372010633 ], [ 519529.376507688954007, 2084498.513959690928459 ], [ 519559.818999367649667, 2084498.513959690928459 ], [ 519559.818999367649667, 2084468.071468009846285 ], [ 519498.934016010316554, 2084468.071468009846285 ], [ 519498.934016010316554, 2084498.513959690928459 ], [ 519468.491524331679102, 2084498.513959690928459 ], [ 519468.491524331679102, 2084559.398943053092808 ] ] ] ] } },
{ "type": "Feature", "properties": { "DN": 1, "area_rai": 1 }, "geometry": { "type": "MultiPolygon", "coordinates": [ [ [ [ 519529.376507688954007, 2084528.956451372010633 ], [ 519559.818999367649667, 2084528.956451372010633 ], [ 519559.818999367649667, 2084498.513959690928459 ], [ 519529.376507688954007, 2084498.513959690928459 ], [ 519529.376507688954007, 2084528.956451372010633 ] ] ] ] } },
{ "type": "Feature", "properties": { "DN": 1, "area_rai": 1 }, "geometry": { "type": "MultiPolygon", "coordinates": [ [ [ [ 519559.818999367649667, 2084468.071468009846285 ], [ 519620.703982724924572, 2084468.071468009846285 ], [ 519620.703982724924572, 2084437.628976328764111 ], [ 519559.818999367649667, 2084437.628976328764111 ], [ 519559.818999367649667, 2084468.071468009846285 ] ] ] ] } },
{ "type": "Feature", "properties": { "DN": 1, "area_rai": 1 }, "geometry": { "type": "MultiPolygon", "coordinates": [ [ [ [ 519712.031457760836929, 2084346.301501285517588 ], [ 519742.473949439474382, 2084346.301501285517588 ], [ 519742.473949439474382, 2084285.41651792335324 ], [ 519712.031457760836929, 2084285.41651792335324 ], [ 519712.031457760836929, 2084346.301501285517588 ] ] ] ] } },
{ "type": "Feature", "properties": { "DN": 1, "area_rai": 1 }, "geometry": { "type": "MultiPolygon", "coordinates": [ [ [ [ 519742.473949439474382, 2084285.41651792335324 ], [ 519772.916441118111834, 2084285.41651792335324 ], [ 519772.916441118111834, 2084254.974026242271066 ], [ 519742.473949439474382, 2084254.974026242271066 ], [ 519742.473949439474382, 2084285.41651792335324 ] ] ] ] } },
{ "type": "Feature", "properties": { "DN": 1, "area_rai": 1 }, "geometry": { "type": "MultiPolygon", "coordinates": [ [ [ [ 519833.801424475386739, 2084194.089042880106717 ], [ 519864.243916154024191, 2084194.089042880106717 ], [ 519864.243916154024191, 2084163.646551199024543 ], [ 519833.801424475386739, 2084163.646551199024543 ], [ 519833.801424475386739, 2084194.089042880106717 ] ] ] ] } },
{ "type": "Feature", "properties": { "DN": 0, "area_rai": 5 }, "geometry": { "type": "MultiPolygon", "coordinates": [ [ [ [ 519986.013882868632209, 2083828.779142707120627 ], [ 520016.456374547269661, 2083828.779142707120627 ], [ 520016.456374547269661, 2083737.451667663641274 ], [ 520046.898866225907113, 2083737.451667663641274 ], [ 520046.898866225907113, 2083707.0091759825591 ], [ 520077.341357904544566, 2083707.0091759825591 ], [ 520077.341357904544566, 2083646.124192620394751 ], [ 520046.898866225907113, 2083646.124192620394751 ], [ 520046.898866225907113, 2083676.566684301476926 ], [ 520016.456374547269661, 2083676.566684301476926 ], [ 520016.456374547269661, 2083707.0091759825591 ], [ 519986.013882868632209, 2083707.0091759825591 ], [ 519986.013882868632209, 2083828.779142707120627 ] ] ] ] } },
{ "type": "Feature", "properties": { "DN": 0, "area_rai": 1 }, "geometry": { "type": "MultiPolygon", "coordinates": [ [ [ [ 522573.625675553281326, 2082337.097050333628431 ], [ 522604.068167231976986, 2082337.097050333628431 ], [ 522604.068167231976986, 2082306.654558652546257 ], [ 522573.625675553281326, 2082306.654558652546257 ], [ 522573.625675553281326, 2082337.097050333628431 ] ] ] ] } },
{ "type": "Feature", "properties": { "DN": 0, "area_rai": 1 }, "geometry": { "type": "MultiPolygon", "coordinates": [ [ [ [ 522604.068167231976986, 2082245.769575290381908 ], [ 522664.953150589251891, 2082245.769575290381908 ], [ 522664.953150589251891, 2082215.327083609299734 ], [ 522604.068167231976986, 2082215.327083609299734 ], [ 522604.068167231976986, 2082245.769575290381908 ] ] ] ] } },
{ "type": "Feature", "properties": { "DN": 0, "area_rai": 2 }, "geometry": { "type": "MultiPolygon", "coordinates": [ [ [ [ 521751.678400229953695, 2082276.212066971464083 ], [ 521782.120891908591148, 2082276.212066971464083 ], [ 521782.120891908591148, 2082184.88459192821756 ], [ 521721.235908551316243, 2082184.88459192821756 ], [ 521721.235908551316243, 2082215.327083609299734 ], [ 521751.678400229953695, 2082215.327083609299734 ], [ 521751.678400229953695, 2082276.212066971464083 ] ] ] ] } },
{ "type": "Feature", "properties": { "DN": 0, "area_rai": 2 }, "geometry": { "type": "MultiPolygon", "coordinates": [ [ [ [ 522451.855708838731516, 2082215.327083609299734 ], [ 522512.740692196006421, 2082215.327083609299734 ], [ 522512.740692196006421, 2082154.442100247135386 ], [ 522451.855708838731516, 2082154.442100247135386 ], [ 522451.855708838731516, 2082215.327083609299734 ] ] ] ] } },
{ "type": "Feature", "properties": { "DN": 0, "area_rai": 1 }, "geometry": { "type": "MultiPolygon", "coordinates": [ [ [ [ 522664.953150589251891, 2082215.327083609299734 ], [ 522695.395642267889343, 2082215.327083609299734 ], [ 522695.395642267889343, 2082184.88459192821756 ], [ 522664.953150589251891, 2082184.88459192821756 ], [ 522664.953150589251891, 2082215.327083609299734 ] ] ] ] } },
{ "type": "Feature", "properties": { "DN": 0, "area_rai": 3 }, "geometry": { "type": "MultiPolygon", "coordinates": [ [ [ [ 522725.838133946526796, 2082184.88459192821756 ], [ 522817.165608982439153, 2082184.88459192821756 ], [ 522817.165608982439153, 2082093.557116884971038 ], [ 522786.7231173038017, 2082093.557116884971038 ], [ 522786.7231173038017, 2082123.999608566053212 ], [ 522756.280625625164248, 2082123.999608566053212 ], [ 522756.280625625164248, 2082154.442100247135386 ], [ 522725.838133946526796, 2082154.442100247135386 ], [ 522725.838133946526796, 2082184.88459192821756 ] ] ] ] } },
{ "type": "Feature", "properties": { "DN": 1, "area_rai": 4 }, "geometry": { "type": "MultiPolygon", "coordinates": [ [ [ [ 521660.35092519398313, 2082184.88459192821756 ], [ 521751.678400229953695, 2082184.88459192821756 ], [ 521751.678400229953695, 2082154.442100247135386 ], [ 521721.235908551316243, 2082154.442100247135386 ], [ 521721.235908551316243, 2082063.114625203888863 ], [ 521690.79341687267879, 2082063.114625203888863 ], [ 521690.79341687267879, 2082123.999608566053212 ], [ 521660.35092519398313, 2082123.999608566053212 ], [ 521660.35092519398313, 2082184.88459192821756 ] ] ] ] } },
{ "type": "Feature", "properties": { "DN": 0, "area_rai": 1 }, "geometry": { "type": "MultiPolygon", "coordinates": [ [ [ [ 521660.35092519398313, 2082123.999608566053212 ], [ 521690.79341687267879, 2082123.999608566053212 ], [ 521690.79341687267879, 2082063.114625203888863 ], [ 521660.35092519398313, 2082063.114625203888863 ], [ 521660.35092519398313, 2082123.999608566053212 ] ] ] ] } },
{ "type": "Feature", "properties": { "DN": 1, "area_rai": 2 }, "geometry": { "type": "MultiPolygon", "coordinates": [ [ [ [ 520594.863716441497672, 2082093.557116884971038 ], [ 520716.633683156047482, 2082093.557116884971038 ], [ 520716.633683156047482, 2082063.114625203888863 ], [ 520594.863716441497672, 2082063.114625203888863 ], [ 520594.863716441497672, 2082093.557116884971038 ] ] ] ] } },
{ "type": "Feature", "properties": { "DN": 1, "area_rai": 5 }, "geometry": { "type": "MultiPolygon", "coordinates": [ [ [ [ 520990.616108263842762, 2082093.557116884971038 ], [ 521051.501091621117666, 2082093.557116884971038 ], [ 521051.501091621117666, 2082002.229641841724515 ], [ 521021.058599942480214, 2082002.229641841724515 ], [ 521021.058599942480214, 2082032.672133522806689 ], [ 520899.288633227930404, 2082032.672133522806689 ], [ 520899.288633227930404, 2082063.114625203888863 ], [ 520990.616108263842762, 2082063.114625203888863 ], [ 520990.616108263842762, 2082093.557116884971038 ] ] ] ] } },
{ "type": "Feature", "properties": { "DN": 0, "area_rai": 1 }, "geometry": { "type": "MultiPolygon", "coordinates": [ [ [ [ 521569.023450158070773, 2082063.114625203888863 ], [ 521599.465941836708225, 2082063.114625203888863 ], [ 521599.465941836708225, 2082032.672133522806689 ], [ 521569.023450158070773, 2082032.672133522806689 ], [ 521569.023450158070773, 2082063.114625203888863 ] ] ] ] } },
{ "type": "Feature", "properties": { "DN": 1, "area_rai": 3 }, "geometry": { "type": "MultiPolygon", "coordinates": [ [ [ [ 521629.908433515345678, 2082123.999608566053212 ], [ 521660.35092519398313, 2082123.999608566053212 ], [ 521660.35092519398313, 2082063.114625203888863 ], [ 521690.79341687267879, 2082063.114625203888863 ], [ 521690.79341687267879, 2082032.672133522806689 ], [ 521599.465941836708225, 2082032.672133522806689 ], [ 521599.465941836708225, 2082063.114625203888863 ], [ 521629.908433515345678, 2082063.114625203888863 ], [ 521629.908433515345678, 2082123.999608566053212 ] ] ] ] } },
{ "type": "Feature", "properties": { "DN": 1, "area_rai": 97 }, "geometry": { "type": "MultiPolygon", "coordinates": [ [ [ [ 523009.92170592059847, 2082199.459051059326157 ], [ 522974.050879462680314, 2082197.067360608838499 ], [ 522938.18029775749892, 2082170.762355859158561 ], [ 522919.049249811214395, 2082140.870518380077556 ], [ 522918.205723915423732, 2082123.999608566053212 ], [ 522908.493084018409718, 2082123.999608566053212 ], [ 522908.493084018409718, 2082093.557116884971038 ], [ 522817.165608982439153, 2082093.557116884971038 ], [ 522817.165608982439153, 2082184.88459192821756 ], [ 522725.838133946526796, 2082184.88459192821756 ], [ 522725.838133946526796, 2082154.442100247135386 ], [ 522756.280625625164248, 2082154.442100247135386 ], [ 522756.280625625164248, 2082123.999608566053212 ], [ 522786.7231173038017, 2082123.999608566053212 ], [ 522786.7231173038017, 2082093.557116884971038 ], [ 522756.280625625164248, 2082093.557116884971038 ], [ 522756.280625625164248, 2082063.114625203888863 ], [ 522725.838133946526796, 2082063.114625203888863 ], [ 522725.838133946526796, 2082032.672133522806689 ], [ 522664.953150589251891, 2082032.672133522806689 ], [ 522664.953150589251891, 2082063.114625203888863 ], [ 522604.068167231976986, 2082063.114625203888863 ], [ 522604.068167231976986, 2082032.672133522806689 ], [ 522543.183183874643873, 2082032.672133522806689 ], [ 522543.183183874643873, 2082063.114625203888863 ], [ 522573.625675553281326, 2082063.114625203888863 ], [ 522573.625675553281326, 2082093.557116884971038 ], [ 522604.068167231976986, 2082093.557116884971038 ], [ 522604.068167231976986, 2082123.999608566053212 ], [ 522482.298200517368969, 2082123.999608566053212 ], [ 522482.298200517368969, 2081910.902166798477992 ], [ 522451.855708838731516, 2081910.902166798477992 ], [ 522451.855708838731516, 2081941.344658479560167 ], [ 522421.413217160094064, 2081941.344658479560167 ], [ 522421.413217160094064, 2081971.787150160642341 ], [ 522390.970725481456611, 2081971.787150160642341 ], [ 522390.970725481456611, 2082093.557116884971038 ], [ 522421.413217160094064, 2082093.557116884971038 ], [ 522421.413217160094064, 2082215.327083609299734 ], [ 522390.970725481456611, 2082215.327083609299734 ], [ 522390.970725481456611, 2082306.654558652546257 ], [ 522421.413217160094064, 2082306.654558652546257 ], [ 522421.413217160094064, 2082337.097050333628431 ], [ 522573.625675553281326, 2082337.097050333628431 ], [ 522573.625675553281326, 2082306.654558652546257 ], [ 522604.068167231976986, 2082306.654558652546257 ], [ 522604.068167231976986, 2082337.097050333628431 ], [ 522786.7231173038017, 2082337.097050333628431 ], [ 522786.7231173038017, 2082367.539542014710605 ], [ 522847.608100661076605, 2082367.539542014710605 ], [ 522847.608100661076605, 2082337.097050333628431 ], [ 522999.820559054322075, 2082337.097050333628431 ], [ 522999.820559054322075, 2082306.654558652546257 ], [ 523030.263050732959528, 2082306.654558652546257 ], [ 523030.263050732959528, 2082276.212066971464083 ], [ 523060.70554241159698, 2082276.212066971464083 ], [ 523060.70554241159698, 2082215.327083609299734 ], [ 523030.263050732959528, 2082215.327083609299734 ], [ 523030.263050732959528, 2082195.890375575516373 ], [ 523009.92170592059847, 2082199.459051059326157 ] ], [ [ 522604.068167231976986, 2082215.327083609299734 ], [ 522664.953150589251891, 2082215.327083609299734 ], [ 522664.953150589251891, 2082245.769575290381908 ], [ 522604.068167231976986, 2082245.769575290381908 ], [ 522604.068167231976986, 2082215.327083609299734 ] ], [ [ 522664.953150589251891, 2082184.88459192821756 ], [ 522695.395642267889343, 2082184.88459192821756 ], [ 522695.395642267889343, 2082215.327083609299734 ], [ 522664.953150589251891, 2082215.327083609299734 ], [ 522664.953150589251891, 2082184.88459192821756 ] ], [ [ 522451.855708838731516, 2082154.442100247135386 ], [ 522512.740692196006421, 2082154.442100247135386 ], [ 522512.740692196006421, 2082215.327083609299734 ], [ 522451.855708838731516, 2082215.327083609299734 ], [ 522451.855708838731516, 2082154.442100247135386 ] ] ] ] } },
{ "type": "Feature", "properties": { "DN": 1, "area_rai": 1 }, "geometry": { "type": "MultiPolygon", "coordinates": [ [ [ [ 521751.678400229953695, 2081941.344658479560167 ], [ 521812.5633835872286, 2081941.344658479560167 ], [ 521812.5633835872286, 2081910.902166798477992 ], [ 521751.678400229953695, 2081910.902166798477992 ], [ 521751.678400229953695, 2081941.344658479560167 ] ] ] ] } },
{ "type": "Feature", "properties": { "DN": 0, "area_rai": 1 }, "geometry": { "type": "MultiPolygon", "coordinates": [ [ [ [ 520381.766274690977298, 2081910.902166798477992 ], [ 520412.20876636961475, 2081910.902166798477992 ], [ 520412.20876636961475, 2081880.459675117395818 ], [ 520381.766274690977298, 2081880.459675117395818 ], [ 520381.766274690977298, 2081910.902166798477992 ] ] ] ] } },
{ "type": "Feature", "properties": { "DN": 1, "area_rai": 1 }, "geometry": { "type": "MultiPolygon", "coordinates": [ [ [ [ 520351.323783012339845, 2081880.459675117395818 ], [ 520381.766274690977298, 2081880.459675117395818 ], [ 520381.766274690977298, 2081850.017183436313644 ], [ 520351.323783012339845, 2081850.017183436313644 ], [ 520351.323783012339845, 2081880.459675117395818 ] ] ] ] } },
{ "type": "Feature", "properties": { "DN": 1, "area_rai": 5 }, "geometry": { "type": "MultiPolygon", "coordinates": [ [ [ [ 522543.183183874643873, 2082002.229641841724515 ], [ 522573.625675553281326, 2082002.229641841724515 ], [ 522573.625675553281326, 2081971.787150160642341 ], [ 522604.068167231976986, 2081971.787150160642341 ], [ 522604.068167231976986, 2081880.459675117395818 ], [ 522634.510658910614438, 2081880.459675117395818 ], [ 522634.510658910614438, 2081819.57469175523147 ], [ 522604.068167231976986, 2081819.57469175523147 ], [ 522604.068167231976986, 2081850.017183436313644 ], [ 522573.625675553281326, 2081850.017183436313644 ], [ 522573.625675553281326, 2081910.902166798477992 ], [ 522543.183183874643873, 2081910.902166798477992 ], [ 522543.183183874643873, 2082002.229641841724515 ] ] ] ] } },
{ "type": "Feature", "properties": { "DN": 0, "area_rai": 25 }, "geometry": { "type": "MultiPolygon", "coordinates": [ [ [ [ 522482.298200517368969, 2082123.999608566053212 ], [ 522604.068167231976986, 2082123.999608566053212 ], [ 522604.068167231976986, 2082093.557116884971038 ], [ 522573.625675553281326, 2082093.557116884971038 ], [ 522573.625675553281326, 2082063.114625203888863 ], [ 522543.183183874643873, 2082063.114625203888863 ], [ 522543.183183874643873, 2082032.672133522806689 ], [ 522604.068167231976986, 2082032.672133522806689 ], [ 522604.068167231976986, 2082063.114625203888863 ], [ 522664.953150589251891, 2082063.114625203888863 ], [ 522664.953150589251891, 2082032.672133522806689 ], [ 522634.510658910614438, 2082032.672133522806689 ], [ 522634.510658910614438, 2082002.229641841724515 ], [ 522604.068167231976986, 2082002.229641841724515 ], [ 522604.068167231976986, 2081971.787150160642341 ], [ 522573.625675553281326, 2081971.787150160642341 ], [ 522573.625675553281326, 2082002.229641841724515 ], [ 522543.183183874643873, 2082002.229641841724515 ], [ 522543.183183874643873, 2081910.902166798477992 ], [ 522573.625675553281326, 2081910.902166798477992 ], [ 522573.625675553281326, 2081850.017183436313644 ], [ 522604.068167231976986, 2081850.017183436313644 ], [ 522604.068167231976986, 2081789.132200074149296 ], [ 522512.740692196006421, 2081789.132200074149296 ], [ 522512.740692196006421, 2081819.57469175523147 ], [ 522451.855708838731516, 2081819.57469175523147 ], [ 522451.855708838731516, 2081880.459675117395818 ], [ 522421.413217160094064, 2081880.459675117395818 ], [ 522421.413217160094064, 2081910.902166798477992 ], [ 522390.970725481456611, 2081910.902166798477992 ], [ 522390.970725481456611, 2081971.787150160642341 ], [ 522421.413217160094064, 2081971.787150160642341 ], [ 522421.413217160094064, 2081941.344658479560167 ], [ 522451.855708838731516, 2081941.344658479560167 ], [ 522451.855708838731516, 2081910.902166798477992 ], [ 522482.298200517368969, 2081910.902166798477992 ], [ 522482.298200517368969, 2082123.999608566053212 ] ] ] ] } },
{ "type": "Feature", "properties": { "DN": 0, "area_rai": 6 }, "geometry": { "type": "MultiPolygon", "coordinates": [ [ [ [ 521721.235908551316243, 2081910.902166798477992 ], [ 521812.5633835872286, 2081910.902166798477992 ], [ 521812.5633835872286, 2081789.132200074149296 ], [ 521751.678400229953695, 2081789.132200074149296 ], [ 521751.678400229953695, 2081819.57469175523147 ], [ 521721.235908551316243, 2081819.57469175523147 ], [ 521721.235908551316243, 2081910.902166798477992 ] ] ] ] } },
{ "type": "Feature", "properties": { "DN": 1, "area_rai": 1 }, "geometry": { "type": "MultiPolygon", "coordinates": [ [ [ [ 520320.881291333702393, 2081850.017183436313644 ], [ 520351.323783012339845, 2081850.017183436313644 ], [ 520351.323783012339845, 2081819.57469175523147 ], [ 520320.881291333702393, 2081819.57469175523147 ], [ 520320.881291333702393, 2081850.017183436313644 ] ] ] ] } },
{ "type": "Feature", "properties": { "DN": 1, "area_rai": 1 }, "geometry": { "type": "MultiPolygon", "coordinates": [ [ [ [ 520290.43879965506494, 2081819.57469175523147 ], [ 520320.881291333702393, 2081819.57469175523147 ], [ 520320.881291333702393, 2081789.132200074149296 ], [ 520290.43879965506494, 2081789.132200074149296 ], [ 520290.43879965506494, 2081819.57469175523147 ] ] ] ] } },
{ "type": "Feature", "properties": { "DN": 0, "area_rai": 2 }, "geometry": { "type": "MultiPolygon", "coordinates": [ [ [ [ 521843.005875265866052, 2081789.132200074149296 ], [ 521903.890858623140957, 2081789.132200074149296 ], [ 521903.890858623140957, 2081728.247216711984947 ], [ 521873.448366944503505, 2081728.247216711984947 ], [ 521873.448366944503505, 2081758.689708393067122 ], [ 521843.005875265866052, 2081758.689708393067122 ], [ 521843.005875265866052, 2081789.132200074149296 ] ] ] ] } },
{ "type": "Feature", "properties": { "DN": 1, "area_rai": 1 }, "geometry": { "type": "MultiPolygon", "coordinates": [ [ [ [ 520168.668832940515131, 2081728.247216711984947 ], [ 520199.111324619152583, 2081728.247216711984947 ], [ 520199.111324619152583, 2081697.804725030902773 ], [ 520168.668832940515131, 2081697.804725030902773 ], [ 520168.668832940515131, 2081728.247216711984947 ] ] ] ] } },
{ "type": "Feature", "properties": { "DN": 0, "area_rai": 1 }, "geometry": { "type": "MultiPolygon", "coordinates": [ [ [ [ 521903.890858623140957, 2081728.247216711984947 ], [ 521934.33335030177841, 2081728.247216711984947 ], [ 521934.33335030177841, 2081697.804725030902773 ], [ 521903.890858623140957, 2081697.804725030902773 ], [ 521903.890858623140957, 2081728.247216711984947 ] ] ] ] } },
{ "type": "Feature", "properties": { "DN": 1, "area_rai": 1 }, "geometry": { "type": "MultiPolygon", "coordinates": [ [ [ [ 520138.226341261819471, 2081697.804725030902773 ], [ 520168.668832940515131, 2081697.804725030902773 ], [ 520168.668832940515131, 2081667.362233349820599 ], [ 520138.226341261819471, 2081667.362233349820599 ], [ 520138.226341261819471, 2081697.804725030902773 ] ] ] ] } },
{ "type": "Feature", "properties": { "DN": 1, "area_rai": 1 }, "geometry": { "type": "MultiPolygon", "coordinates": [ [ [ [ 520107.783849583182018, 2081667.362233349820599 ], [ 520138.226341261819471, 2081667.362233349820599 ], [ 520138.226341261819471, 2081636.919741668738425 ], [ 520107.783849583182018, 2081636.919741668738425 ], [ 520107.783849583182018, 2081667.362233349820599 ] ] ] ] } },
{ "type": "Feature", "properties": { "DN": 0, "area_rai": 1 }, "geometry": { "type": "MultiPolygon", "coordinates": [ [ [ [ 520046.898866225907113, 2081636.919741668738425 ], [ 520077.341357904544566, 2081636.919741668738425 ], [ 520077.341357904544566, 2081606.477249987656251 ], [ 520046.898866225907113, 2081606.477249987656251 ], [ 520046.898866225907113, 2081636.919741668738425 ] ] ] ] } },
{ "type": "Feature", "properties": { "DN": 1, "area_rai": 30 }, "geometry": { "type": "MultiPolygon", "coordinates": [ [ [ [ 521812.5633835872286, 2081910.902166798477992 ], [ 521843.005875265866052, 2081910.902166798477992 ], [ 521843.005875265866052, 2081880.459675117395818 ], [ 521873.448366944503505, 2081880.459675117395818 ], [ 521873.448366944503505, 2081789.132200074149296 ], [ 521843.005875265866052, 2081789.132200074149296 ], [ 521843.005875265866052, 2081758.689708393067122 ], [ 521873.448366944503505, 2081758.689708393067122 ], [ 521873.448366944503505, 2081728.247216711984947 ], [ 521903.890858623140957, 2081728.247216711984947 ], [ 521903.890858623140957, 2081697.804725030902773 ], [ 521934.33335030177841, 2081697.804725030902773 ], [ 521934.33335030177841, 2081636.919741668738425 ], [ 521964.775841980415862, 2081636.919741668738425 ], [ 521964.775841980415862, 2081606.477249987656251 ], [ 521995.218333659111522, 2081606.477249987656251 ], [ 521995.218333659111522, 2081515.149774944409728 ], [ 521964.775841980415862, 2081515.149774944409728 ], [ 521964.775841980415862, 2081484.707283263327554 ], [ 521934.33335030177841, 2081484.707283263327554 ], [ 521934.33335030177841, 2081454.26479158224538 ], [ 521903.890858623140957, 2081454.26479158224538 ], [ 521903.890858623140957, 2081393.379808220081031 ], [ 521873.448366944503505, 2081393.379808220081031 ], [ 521873.448366944503505, 2081362.937316538998857 ], [ 521843.005875265866052, 2081362.937316538998857 ], [ 521843.005875265866052, 2081667.362233349820599 ], [ 521812.5633835872286, 2081667.362233349820599 ], [ 521812.5633835872286, 2081758.689708393067122 ], [ 521782.120891908591148, 2081758.689708393067122 ], [ 521782.120891908591148, 2081789.132200074149296 ], [ 521812.5633835872286, 2081789.132200074149296 ], [ 521812.5633835872286, 2081910.902166798477992 ] ] ] ] } },
{ "type": "Feature", "properties": { "DN": 0, "area_rai": 1 }, "geometry": { "type": "MultiPolygon", "coordinates": [ [ [ [ 519986.013882868632209, 2081606.477249987656251 ], [ 520046.898866225907113, 2081606.477249987656251 ], [ 520046.898866225907113, 2081576.034758306574076 ], [ 519986.013882868632209, 2081576.034758306574076 ], [ 519986.013882868632209, 2081606.477249987656251 ] ] ] ] } },
{ "type": "Feature", "properties": { "DN": 1, "area_rai": 6 }, "geometry": { "type": "MultiPolygon", "coordinates": [ [ [ [ 519925.128899511357304, 2081606.477249987656251 ], [ 519986.013882868632209, 2081606.477249987656251 ], [ 519986.013882868632209, 2081576.034758306574076 ], [ 520046.898866225907113, 2081576.034758306574076 ], [ 520046.898866225907113, 2081545.592266625491902 ], [ 519986.013882868632209, 2081545.592266625491902 ], [ 519986.013882868632209, 2081515.149774944409728 ], [ 519894.686407832719851, 2081515.149774944409728 ], [ 519894.686407832719851, 2081576.034758306574076 ], [ 519925.128899511357304, 2081576.034758306574076 ], [ 519925.128899511357304, 2081606.477249987656251 ] ] ] ] } },
{ "type": "Feature", "properties": { "DN": 1, "area_rai": 1 }, "geometry": { "type": "MultiPolygon", "coordinates": [ [ [ [ 519772.916441118111834, 2081484.707283263327554 ], [ 519833.801424475386739, 2081484.707283263327554 ], [ 519833.801424475386739, 2081454.26479158224538 ], [ 519772.916441118111834, 2081454.26479158224538 ], [ 519772.916441118111834, 2081484.707283263327554 ] ] ] ] } },
{ "type": "Feature", "properties": { "DN": 1, "area_rai": 1 }, "geometry": { "type": "MultiPolygon", "coordinates": [ [ [ [ 522908.493084018409718, 2081484.707283263327554 ], [ 522938.93557569704717, 2081484.707283263327554 ], [ 522938.93557569704717, 2081454.26479158224538 ], [ 522908.493084018409718, 2081454.26479158224538 ], [ 522908.493084018409718, 2081484.707283263327554 ] ] ] ] } },
{ "type": "Feature", "properties": { "DN": 1, "area_rai": 2 }, "geometry": { "type": "MultiPolygon", "coordinates": [ [ [ [ 519712.031457760836929, 2081454.26479158224538 ], [ 519772.916441118111834, 2081454.26479158224538 ], [ 519772.916441118111834, 2081423.822299901163206 ], [ 519742.473949439474382, 2081423.822299901163206 ], [ 519742.473949439474382, 2081362.937316538998857 ], [ 519712.031457760836929, 2081362.937316538998857 ], [ 519712.031457760836929, 2081454.26479158224538 ] ] ] ] } },
{ "type": "Feature", "properties": { "DN": 0, "area_rai": 2 }, "geometry": { "type": "MultiPolygon", "coordinates": [ [ [ [ 521934.33335030177841, 2081484.707283263327554 ], [ 521964.775841980415862, 2081484.707283263327554 ], [ 521964.775841980415862, 2081423.822299901163206 ], [ 521934.33335030177841, 2081423.822299901163206 ], [ 521934.33335030177841, 2081393.379808220081031 ], [ 521903.890858623140957, 2081393.379808220081031 ], [ 521903.890858623140957, 2081454.26479158224538 ], [ 521934.33335030177841, 2081454.26479158224538 ], [ 521934.33335030177841, 2081484.707283263327554 ] ] ] ] } },
{ "type": "Feature", "properties": { "DN": 0, "area_rai": 8 }, "geometry": { "type": "MultiPolygon", "coordinates": [ [ [ [ 522938.93557569704717, 2081515.149774944409728 ], [ 523060.70554241159698, 2081515.149774944409728 ], [ 523060.70554241159698, 2081484.707283263327554 ], [ 523030.263050732959528, 2081484.707283263327554 ], [ 523030.263050732959528, 2081454.26479158224538 ], [ 522999.820559054322075, 2081454.26479158224538 ], [ 522999.820559054322075, 2081393.379808220081031 ], [ 522969.378067375684623, 2081393.379808220081031 ], [ 522969.378067375684623, 2081362.937316538998857 ], [ 522938.93557569704717, 2081362.937316538998857 ], [ 522938.93557569704717, 2081423.822299901163206 ], [ 522908.493084018409718, 2081423.822299901163206 ], [ 522908.493084018409718, 2081454.26479158224538 ], [ 522938.93557569704717, 2081454.26479158224538 ], [ 522938.93557569704717, 2081515.149774944409728 ] ] ] ] } },
{ "type": "Feature", "properties": { "DN": 1, "area_rai": 1 }, "geometry": { "type": "MultiPolygon", "coordinates": [ [ [ [ 521934.33335030177841, 2081423.822299901163206 ], [ 521964.775841980415862, 2081423.822299901163206 ], [ 521964.775841980415862, 2081393.379808220081031 ], [ 521934.33335030177841, 2081393.379808220081031 ], [ 521934.33335030177841, 2081423.822299901163206 ] ] ] ] } },
{ "type": "Feature", "properties": { "DN": 1, "area_rai": 1 }, "geometry": { "type": "MultiPolygon", "coordinates": [ [ [ [ 521995.218333659111522, 2081423.822299901163206 ], [ 522056.103317016386427, 2081423.822299901163206 ], [ 522056.103317016386427, 2081393.379808220081031 ], [ 521995.218333659111522, 2081393.379808220081031 ], [ 521995.218333659111522, 2081423.822299901163206 ] ] ] ] } },
{ "type": "Feature", "properties": { "DN": 1, "area_rai": 1 }, "geometry": { "type": "MultiPolygon", "coordinates": [ [ [ [ 522908.493084018409718, 2081423.822299901163206 ], [ 522938.93557569704717, 2081423.822299901163206 ], [ 522938.93557569704717, 2081393.379808220081031 ], [ 522908.493084018409718, 2081393.379808220081031 ], [ 522908.493084018409718, 2081423.822299901163206 ] ] ] ] } },
{ "type": "Feature", "properties": { "DN": 0, "area_rai": 1 }, "geometry": { "type": "MultiPolygon", "coordinates": [ [ [ [ 521873.448366944503505, 2081393.379808220081031 ], [ 521903.890858623140957, 2081393.379808220081031 ], [ 521903.890858623140957, 2081362.937316538998857 ], [ 521873.448366944503505, 2081362.937316538998857 ], [ 521873.448366944503505, 2081393.379808220081031 ] ] ] ] } },
{ "type": "Feature", "properties": { "DN": 1, "area_rai": 1 }, "geometry": { "type": "MultiPolygon", "coordinates": [ [ [ [ 521903.890858623140957, 2081393.379808220081031 ], [ 521934.33335030177841, 2081393.379808220081031 ], [ 521934.33335030177841, 2081362.937316538998857 ], [ 521903.890858623140957, 2081362.937316538998857 ], [ 521903.890858623140957, 2081393.379808220081031 ] ] ] ] } },
{ "type": "Feature", "properties": { "DN": 1, "area_rai": 1 }, "geometry": { "type": "MultiPolygon", "coordinates": [ [ [ [ 522056.103317016386427, 2081393.379808220081031 ], [ 522086.545808695023879, 2081393.379808220081031 ], [ 522086.545808695023879, 2081362.937316538998857 ], [ 522056.103317016386427, 2081362.937316538998857 ], [ 522056.103317016386427, 2081393.379808220081031 ] ] ] ] } },
{ "type": "Feature", "properties": { "DN": 0, "area_rai": 1 }, "geometry": { "type": "MultiPolygon", "coordinates": [ [ [ [ 522360.528233802819159, 2081393.379808220081031 ], [ 522390.970725481456611, 2081393.379808220081031 ], [ 522390.970725481456611, 2081362.937316538998857 ], [ 522360.528233802819159, 2081362.937316538998857 ], [ 522360.528233802819159, 2081393.379808220081031 ] ] ] ] } },
{ "type": "Feature", "properties": { "DN": 1, "area_rai": 2 }, "geometry": { "type": "MultiPolygon", "coordinates": [ [ [ [ 519681.588966082199477, 2081362.937316538998857 ], [ 519712.031457760836929, 2081362.937316538998857 ], [ 519712.031457760836929, 2081271.609841495752335 ], [ 519681.588966082199477, 2081271.609841495752335 ], [ 519681.588966082199477, 2081362.937316538998857 ] ] ] ] } },
{ "type": "Feature", "properties": { "DN": 0, "area_rai": 2 }, "geometry": { "type": "MultiPolygon", "coordinates": [ [ [ [ 523155.347770651918836, 2081302.052333176834509 ], [ 523152.033017447509337, 2081302.052333176834509 ], [ 523152.033017447509337, 2081319.83153203362599 ], [ 523155.347770651918836, 2081302.052333176834509 ] ] ] ] } },
{ "type": "Feature", "properties": { "DN": 0, "area_rai": 3 }, "geometry": { "type": "MultiPolygon", "coordinates": [ [ [ [ 522238.758267088211142, 2081302.052333176834509 ], [ 522269.200758766848594, 2081302.052333176834509 ], [ 522269.200758766848594, 2081241.16734981443733 ], [ 522238.758267088211142, 2081241.16734981443733 ], [ 522238.758267088211142, 2081180.282366452272981 ], [ 522208.315775409573689, 2081180.282366452272981 ], [ 522208.315775409573689, 2081271.609841495752335 ], [ 522238.758267088211142, 2081271.609841495752335 ], [ 522238.758267088211142, 2081302.052333176834509 ] ] ] ] } },
{ "type": "Feature", "properties": { "DN": 0, "area_rai": 35 }, "geometry": { "type": "MultiPolygon", "coordinates": [ [ [ [ 522482.298200517368969, 2081576.034758306574076 ], [ 522543.183183874643873, 2081576.034758306574076 ], [ 522543.183183874643873, 2081545.592266625491902 ], [ 522573.625675553281326, 2081545.592266625491902 ], [ 522573.625675553281326, 2081515.149774944409728 ], [ 522634.510658910614438, 2081515.149774944409728 ], [ 522634.510658910614438, 2081454.26479158224538 ], [ 522664.953150589251891, 2081454.26479158224538 ], [ 522664.953150589251891, 2081423.822299901163206 ], [ 522725.838133946526796, 2081423.822299901163206 ], [ 522725.838133946526796, 2081393.379808220081031 ], [ 522756.280625625164248, 2081393.379808220081031 ], [ 522756.280625625164248, 2081362.937316538998857 ], [ 522786.7231173038017, 2081362.937316538998857 ], [ 522786.7231173038017, 2081271.609841495752335 ], [ 522756.280625625164248, 2081271.609841495752335 ], [ 522756.280625625164248, 2081241.16734981443733 ], [ 522695.395642267889343, 2081241.16734981443733 ], [ 522695.395642267889343, 2081210.724858133587986 ], [ 522664.953150589251891, 2081210.724858133587986 ], [ 522664.953150589251891, 2081241.16734981443733 ], [ 522604.068167231976986, 2081241.16734981443733 ], [ 522604.068167231976986, 2081271.609841495752335 ], [ 522725.838133946526796, 2081271.609841495752335 ], [ 522725.838133946526796, 2081302.052333176834509 ], [ 522695.395642267889343, 2081302.052333176834509 ], [ 522695.395642267889343, 2081332.494824857916683 ], [ 522664.953150589251891, 2081332.494824857916683 ], [ 522664.953150589251891, 2081362.937316538998857 ], [ 522543.183183874643873, 2081362.937316538998857 ], [ 522543.183183874643873, 2081393.379808220081031 ], [ 522390.970725481456611, 2081393.379808220081031 ], [ 522390.970725481456611, 2081423.822299901163206 ], [ 522421.413217160094064, 2081423.822299901163206 ], [ 522421.413217160094064, 2081515.149774944409728 ], [ 522451.855708838731516, 2081515.149774944409728 ], [ 522451.855708838731516, 2081545.592266625491902 ], [ 522482.298200517368969, 2081545.592266625491902 ], [ 522482.298200517368969, 2081576.034758306574076 ] ] ] ] } },
{ "type": "Feature", "properties": { "DN": 1, "area_rai": 1 }, "geometry": { "type": "MultiPolygon", "coordinates": [ [ [ [ 522177.873283730936237, 2081210.724858133587986 ], [ 522208.315775409573689, 2081210.724858133587986 ], [ 522208.315775409573689, 2081180.282366452272981 ], [ 522177.873283730936237, 2081180.282366452272981 ], [ 522177.873283730936237, 2081210.724858133587986 ] ] ] ] } },
{ "type": "Feature", "properties": { "DN": 1, "area_rai": 35 }, "geometry": { "type": "MultiPolygon", "coordinates": [ [ [ [ 522390.970725481456611, 2081393.379808220081031 ], [ 522543.183183874643873, 2081393.379808220081031 ], [ 522543.183183874643873, 2081362.937316538998857 ], [ 522664.953150589251891, 2081362.937316538998857 ], [ 522664.953150589251891, 2081332.494824857916683 ], [ 522695.395642267889343, 2081332.494824857916683 ], [ 522695.395642267889343, 2081302.052333176834509 ], [ 522725.838133946526796, 2081302.052333176834509 ], [ 522725.838133946526796, 2081271.609841495752335 ], [ 522604.068167231976986, 2081271.609841495752335 ], [ 522604.068167231976986, 2081241.16734981443733 ], [ 522664.953150589251891, 2081241.16734981443733 ], [ 522664.953150589251891, 2081210.724858133587986 ], [ 522695.395642267889343, 2081210.724858133587986 ], [ 522695.395642267889343, 2081241.16734981443733 ], [ 522756.280625625164248, 2081241.16734981443733 ], [ 522756.280625625164248, 2081210.724858133587986 ], [ 522725.838133946526796, 2081210.724858133587986 ], [ 522725.838133946526796, 2081180.282366452272981 ], [ 522695.395642267889343, 2081180.282366452272981 ], [ 522695.395642267889343, 2081088.954891409026459 ], [ 522664.953150589251891, 2081088.954891409026459 ], [ 522664.953150589251891, 2081119.397383090108633 ], [ 522604.068167231976986, 2081119.397383090108633 ], [ 522604.068167231976986, 2081149.839874771190807 ], [ 522573.625675553281326, 2081149.839874771190807 ], [ 522573.625675553281326, 2081180.282366452272981 ], [ 522543.183183874643873, 2081180.282366452272981 ], [ 522543.183183874643873, 2081210.724858133587986 ], [ 522512.740692196006421, 2081210.724858133587986 ], [ 522512.740692196006421, 2081241.16734981443733 ], [ 522482.298200517368969, 2081241.16734981443733 ], [ 522482.298200517368969, 2081271.609841495752335 ], [ 522451.855708838731516, 2081271.609841495752335 ], [ 522451.855708838731516, 2081302.052333176834509 ], [ 522330.085742124181706, 2081302.052333176834509 ], [ 522330.085742124181706, 2081332.494824857916683 ], [ 522360.528233802819159, 2081332.494824857916683 ], [ 522360.528233802819159, 2081362.937316538998857 ], [ 522390.970725481456611, 2081362.937316538998857 ], [ 522390.970725481456611, 2081393.379808220081031 ] ] ] ] } },
{ "type": "Feature", "properties": { "DN": 1, "area_rai": 2 }, "geometry": { "type": "MultiPolygon", "coordinates": [ [ [ [ 519864.243916154024191, 2081088.954891409026459 ], [ 519955.571391189994756, 2081088.954891409026459 ], [ 519955.571391189994756, 2081058.512399727944285 ], [ 519864.243916154024191, 2081058.512399727944285 ], [ 519864.243916154024191, 2081088.954891409026459 ] ] ] ] } },
{ "type": "Feature", "properties": { "DN": 1, "area_rai": 1 }, "geometry": { "type": "MultiPolygon", "coordinates": [ [ [ [ 522695.395642267889343, 2081088.954891409026459 ], [ 522725.838133946526796, 2081088.954891409026459 ], [ 522725.838133946526796, 2081058.512399727944285 ], [ 522695.395642267889343, 2081058.512399727944285 ], [ 522695.395642267889343, 2081088.954891409026459 ] ] ] ] } },
{ "type": "Feature", "properties": { "DN": 1, "area_rai": 1 }, "geometry": { "type": "MultiPolygon", "coordinates": [ [ [ [ 522725.838133946526796, 2081058.512399727944285 ], [ 522756.280625625164248, 2081058.512399727944285 ], [ 522756.280625625164248, 2080997.627416365779936 ], [ 522725.838133946526796, 2080997.627416365779936 ], [ 522725.838133946526796, 2081058.512399727944285 ] ] ] ] } },
{ "type": "Feature", "properties": { "DN": 0, "area_rai": 1 }, "geometry": { "type": "MultiPolygon", "coordinates": [ [ [ [ 520016.456374547269661, 2080997.627416365779936 ], [ 520046.898866225907113, 2080997.627416365779936 ], [ 520046.898866225907113, 2080967.184924684697762 ], [ 520016.456374547269661, 2080967.184924684697762 ], [ 520016.456374547269661, 2080997.627416365779936 ] ] ] ] } },
{ "type": "Feature", "properties": { "DN": 1, "area_rai": 4 }, "geometry": { "type": "MultiPolygon", "coordinates": [ [ [ [ 522856.790443270350806, 2080875.85744964145124 ], [ 522817.165608982439153, 2080875.85744964145124 ], [ 522817.165608982439153, 2080906.299941322533414 ], [ 522786.7231173038017, 2080906.299941322533414 ], [ 522786.7231173038017, 2080936.742433003615588 ], [ 522756.280625625164248, 2080936.742433003615588 ], [ 522756.280625625164248, 2080997.627416365779936 ], [ 522786.7231173038017, 2080997.627416365779936 ], [ 522786.7231173038017, 2080967.184924684697762 ], [ 522817.165608982439153, 2080967.184924684697762 ], [ 522817.165608982439153, 2080936.742433003615588 ], [ 522847.608100661076605, 2080936.742433003615588 ], [ 522847.608100661076605, 2080906.299941322533414 ], [ 522878.050592339714058, 2080906.299941322533414 ], [ 522878.050592339714058, 2080898.489239393966272 ], [ 522856.790443270350806, 2080875.85744964145124 ] ] ] ] } },
{ "type": "Feature", "properties": { "DN": 1, "area_rai": 13 }, "geometry": { "type": "MultiPolygon", "coordinates": [ [ [ [ 520016.456374547269661, 2081028.06990804686211 ], [ 520138.226341261819471, 2081028.06990804686211 ], [ 520138.226341261819471, 2080997.627416365779936 ], [ 520229.553816297790036, 2080997.627416365779936 ], [ 520229.553816297790036, 2080967.184924684697762 ], [ 520259.996307976427488, 2080967.184924684697762 ], [ 520259.996307976427488, 2080936.742433003615588 ], [ 520320.881291333702393, 2080936.742433003615588 ], [ 520320.881291333702393, 2080845.414957960369065 ], [ 520290.43879965506494, 2080845.414957960369065 ], [ 520290.43879965506494, 2080875.85744964145124 ], [ 520259.996307976427488, 2080875.85744964145124 ], [ 520259.996307976427488, 2080906.299941322533414 ], [ 520229.553816297790036, 2080906.299941322533414 ], [ 520229.553816297790036, 2080936.742433003615588 ], [ 520077.341357904544566, 2080936.742433003615588 ], [ 520077.341357904544566, 2080967.184924684697762 ], [ 520046.898866225907113, 2080967.184924684697762 ], [ 520046.898866225907113, 2080997.627416365779936 ], [ 520016.456374547269661, 2080997.627416365779936 ], [ 520016.456374547269661, 2081028.06990804686211 ] ] ] ] } },
{ "type": "Feature", "properties": { "DN": 1, "area_rai": 156 }, "geometry": { "type": "MultiPolygon", "coordinates": [ [ [ [ 523091.148034090234432, 2081521.836681061191484 ], [ 523091.148034090234432, 2081515.149774944409728 ], [ 523093.233543941343669, 2081515.149774944409728 ], [ 523103.18534893397009, 2081483.240654188441113 ], [ 523147.426276570826303, 2081344.540509467711672 ], [ 523152.033017447509337, 2081319.83153203362599 ], [ 523152.033017447509337, 2081302.052333176834509 ], [ 523155.347770651918836, 2081302.052333176834509 ], [ 523160.578786044439767, 2081273.994961435906589 ], [ 523146.23029074666556, 2081202.253486539702863 ], [ 523125.876345539232716, 2081163.254528735065833 ], [ 523121.590525768871885, 2081158.630356596084312 ], [ 523121.590525768871885, 2081180.282366452272981 ], [ 522999.820559054322075, 2081180.282366452272981 ], [ 522999.820559054322075, 2081302.052333176834509 ], [ 522969.378067375684623, 2081302.052333176834509 ], [ 522969.378067375684623, 2081332.494824857916683 ], [ 522938.93557569704717, 2081332.494824857916683 ], [ 522938.93557569704717, 2081362.937316538998857 ], [ 522969.378067375684623, 2081362.937316538998857 ], [ 522969.378067375684623, 2081393.379808220081031 ], [ 522999.820559054322075, 2081393.379808220081031 ], [ 522999.820559054322075, 2081454.26479158224538 ], [ 523030.263050732959528, 2081454.26479158224538 ], [ 523030.263050732959528, 2081484.707283263327554 ], [ 523060.70554241159698, 2081484.707283263327554 ], [ 523060.70554241159698, 2081545.592266625491902 ], [ 523083.739150692010298, 2081545.592266625491902 ], [ 523091.148034090234432, 2081521.836681061191484 ] ] ] ] } },
{ "type": "Feature", "properties": { "DN": 1, "area_rai": 1 }, "geometry": { "type": "MultiPolygon", "coordinates": [ [ [ [ 520320.881291333702393, 2080845.414957960369065 ], [ 520351.323783012339845, 2080845.414957960369065 ], [ 520351.323783012339845, 2080814.972466279286891 ], [ 520320.881291333702393, 2080814.972466279286891 ], [ 520320.881291333702393, 2080845.414957960369065 ] ] ] ] } },
{ "type": "Feature", "properties": { "DN": 1, "area_rai": 1 }, "geometry": { "type": "MultiPolygon", "coordinates": [ [ [ [ 520412.20876636961475, 2080845.414957960369065 ], [ 520442.651258048252203, 2080845.414957960369065 ], [ 520442.651258048252203, 2080814.972466279286891 ], [ 520412.20876636961475, 2080814.972466279286891 ], [ 520412.20876636961475, 2080845.414957960369065 ] ] ] ] } },
{ "type": "Feature", "properties": { "DN": 0, "area_rai": 3 }, "geometry": { "type": "MultiPolygon", "coordinates": [ [ [ [ 520533.978733084222768, 2080754.087482917122543 ], [ 520564.42122476286022, 2080754.087482917122543 ], [ 520564.42122476286022, 2080723.644991236040369 ], [ 520655.748699798772577, 2080723.644991236040369 ], [ 520655.748699798772577, 2080693.202499554958194 ], [ 520533.978733084222768, 2080693.202499554958194 ], [ 520533.978733084222768, 2080754.087482917122543 ] ] ] ] } },
{ "type": "Feature", "properties": { "DN": 1, "area_rai": 2 }, "geometry": { "type": "MultiPolygon", "coordinates": [ [ [ [ 519925.128899511357304, 2080662.76000787387602 ], [ 519955.571391189994756, 2080662.76000787387602 ], [ 519955.571391189994756, 2080571.432532830629498 ], [ 519925.128899511357304, 2080571.432532830629498 ], [ 519925.128899511357304, 2080662.76000787387602 ] ] ] ] } },
{ "type": "Feature", "properties": { "DN": 1, "area_rai": 3 }, "geometry": { "type": "MultiPolygon", "coordinates": [ [ [ [ 520046.898866225907113, 2080540.990041149547324 ], [ 520077.341357904544566, 2080540.990041149547324 ], [ 520077.341357904544566, 2080449.662566106300801 ], [ 520046.898866225907113, 2080449.662566106300801 ], [ 520046.898866225907113, 2080419.220074425218627 ], [ 520016.456374547269661, 2080419.220074425218627 ], [ 520016.456374547269661, 2080480.105057787382975 ], [ 520046.898866225907113, 2080480.105057787382975 ], [ 520046.898866225907113, 2080540.990041149547324 ] ] ] ] } },
{ "type": "Feature", "properties": { "DN": 0, "area_rai": 93 }, "geometry": { "type": "MultiPolygon", "coordinates": [ [ [ [ 520046.898866225907113, 2080967.184924684697762 ], [ 520077.341357904544566, 2080967.184924684697762 ], [ 520077.341357904544566, 2080936.742433003615588 ], [ 520229.553816297790036, 2080936.742433003615588 ], [ 520229.553816297790036, 2080906.299941322533414 ], [ 520259.996307976427488, 2080906.299941322533414 ], [ 520259.996307976427488, 2080875.85744964145124 ], [ 520290.43879965506494, 2080875.85744964145124 ], [ 520290.43879965506494, 2080845.414957960369065 ], [ 520320.881291333702393, 2080845.414957960369065 ], [ 520320.881291333702393, 2080906.299941322533414 ], [ 520412.20876636961475, 2080906.299941322533414 ], [ 520412.20876636961475, 2080814.972466279286891 ], [ 520473.093749726889655, 2080814.972466279286891 ], [ 520473.093749726889655, 2080784.529974598204717 ], [ 520503.536241405585315, 2080784.529974598204717 ], [ 520503.536241405585315, 2080754.087482917122543 ], [ 520473.093749726889655, 2080754.087482917122543 ], [ 520473.093749726889655, 2080723.644991236040369 ], [ 520442.651258048252203, 2080723.644991236040369 ], [ 520442.651258048252203, 2080693.202499554958194 ], [ 520351.323783012339845, 2080693.202499554958194 ], [ 520351.323783012339845, 2080723.644991236040369 ], [ 520290.43879965506494, 2080723.644991236040369 ], [ 520290.43879965506494, 2080693.202499554958194 ], [ 520259.996307976427488, 2080693.202499554958194 ], [ 520259.996307976427488, 2080662.76000787387602 ], [ 520199.111324619152583, 2080662.76000787387602 ], [ 520199.111324619152583, 2080784.529974598204717 ], [ 520168.668832940515131, 2080784.529974598204717 ], [ 520168.668832940515131, 2080662.76000787387602 ], [ 520138.226341261819471, 2080662.76000787387602 ], [ 520138.226341261819471, 2080601.875024511711672 ], [ 520199.111324619152583, 2080601.875024511711672 ], [ 520199.111324619152583, 2080480.105057787382975 ], [ 520168.668832940515131, 2080480.105057787382975 ], [ 520168.668832940515131, 2080449.662566106300801 ], [ 520138.226341261819471, 2080449.662566106300801 ], [ 520138.226341261819471, 2080419.220074425218627 ], [ 520107.783849583182018, 2080419.220074425218627 ], [ 520107.783849583182018, 2080388.777582744136453 ], [ 520046.898866225907113, 2080388.777582744136453 ], [ 520046.898866225907113, 2080449.662566106300801 ], [ 520077.341357904544566, 2080449.662566106300801 ], [ 520077.341357904544566, 2080540.990041149547324 ], [ 520046.898866225907113, 2080540.990041149547324 ], [ 520046.898866225907113, 2080480.105057787382975 ], [ 520016.456374547269661, 2080480.105057787382975 ], [ 520016.456374547269661, 2080419.220074425218627 ], [ 519986.013882868632209, 2080419.220074425218627 ], [ 519986.013882868632209, 2080449.662566106300801 ], [ 519955.571391189994756, 2080449.662566106300801 ], [ 519955.571391189994756, 2080662.76000787387602 ], [ 519894.686407832719851, 2080662.76000787387602 ], [ 519894.686407832719851, 2080723.644991236040369 ], [ 519925.128899511357304, 2080723.644991236040369 ], [ 519925.128899511357304, 2080754.087482917122543 ], [ 520046.898866225907113, 2080754.087482917122543 ], [ 520046.898866225907113, 2080784.529974598204717 ], [ 520077.341357904544566, 2080784.529974598204717 ], [ 520077.341357904544566, 2080845.414957960369065 ], [ 520046.898866225907113, 2080845.414957960369065 ], [ 520046.898866225907113, 2080967.184924684697762 ] ], [ [ 520320.881291333702393, 2080845.414957960369065 ], [ 520320.881291333702393, 2080814.972466279286891 ], [ 520351.323783012339845, 2080814.972466279286891 ], [ 520351.323783012339845, 2080845.414957960369065 ], [ 520320.881291333702393, 2080845.414957960369065 ] ] ] ] } },
{ "type": "Feature", "properties": { "DN": 0, "area_rai": 1 }, "geometry": { "type": "MultiPolygon", "coordinates": [ [ [ [ 520351.323783012339845, 2080388.777582744136453 ], [ 520381.766274690977298, 2080388.777582744136453 ], [ 520381.766274690977298, 2080327.892599381972104 ], [ 520351.323783012339845, 2080327.892599381972104 ], [ 520351.323783012339845, 2080388.777582744136453 ] ] ] ] } },
{ "type": "Feature", "properties": { "DN": 1, "area_rai": 4 }, "geometry": { "type": "MultiPolygon", "coordinates": [ [ [ [ 519255.394082581158727, 2080358.335091063054278 ], [ 519407.606540974404197, 2080358.335091063054278 ], [ 519407.606540974404197, 2080327.892599381972104 ], [ 519377.164049295766745, 2080327.892599381972104 ], [ 519377.164049295766745, 2080297.45010770088993 ], [ 519316.27906593849184, 2080297.45010770088993 ], [ 519316.27906593849184, 2080327.892599381972104 ], [ 519255.394082581158727, 2080327.892599381972104 ], [ 519255.394082581158727, 2080358.335091063054278 ] ] ] ] } },
{ "type": "Feature", "properties": { "DN": 1, "area_rai": 1 }, "geometry": { "type": "MultiPolygon", "coordinates": [ [ [ [ 519772.916441118111834, 2080358.335091063054278 ], [ 519803.358932796749286, 2080358.335091063054278 ], [ 519803.358932796749286, 2080327.892599381972104 ], [ 519772.916441118111834, 2080327.892599381972104 ], [ 519772.916441118111834, 2080358.335091063054278 ] ] ] ] } },
{ "type": "Feature", "properties": { "DN": 0, "area_rai": 1 }, "geometry": { "type": "MultiPolygon", "coordinates": [ [ [ [ 520168.668832940515131, 2080358.335091063054278 ], [ 520229.553816297790036, 2080358.335091063054278 ], [ 520229.553816297790036, 2080327.892599381972104 ], [ 520168.668832940515131, 2080327.892599381972104 ], [ 520168.668832940515131, 2080358.335091063054278 ] ] ] ] } },
{ "type": "Feature", "properties": { "DN": 0, "area_rai": 2 }, "geometry": { "type": "MultiPolygon", "coordinates": [ [ [ [ 519255.394082581158727, 2080327.892599381972104 ], [ 519316.27906593849184, 2080327.892599381972104 ], [ 519316.27906593849184, 2080267.007616019807756 ], [ 519285.836574259854387, 2080267.007616019807756 ], [ 519285.836574259854387, 2080297.45010770088993 ], [ 519255.394082581158727, 2080297.45010770088993 ], [ 519255.394082581158727, 2080327.892599381972104 ] ] ] ] } },
{ "type": "Feature", "properties": { "DN": 1, "area_rai": 1 }, "geometry": { "type": "MultiPolygon", "coordinates": [ [ [ [ 519620.703982724924572, 2080327.892599381972104 ], [ 519681.588966082199477, 2080327.892599381972104 ], [ 519681.588966082199477, 2080297.45010770088993 ], [ 519620.703982724924572, 2080297.45010770088993 ], [ 519620.703982724924572, 2080327.892599381972104 ] ] ] ] } },
{ "type": "Feature", "properties": { "DN": 1, "area_rai": 1 }, "geometry": { "type": "MultiPolygon", "coordinates": [ [ [ [ 519742.473949439474382, 2080327.892599381972104 ], [ 519772.916441118111834, 2080327.892599381972104 ], [ 519772.916441118111834, 2080297.45010770088993 ], [ 519742.473949439474382, 2080297.45010770088993 ], [ 519742.473949439474382, 2080327.892599381972104 ] ] ] ] } },
{ "type": "Feature", "properties": { "DN": 0, "area_rai": 1 }, "geometry": { "type": "MultiPolygon", "coordinates": [ [ [ [ 520138.226341261819471, 2080327.892599381972104 ], [ 520168.668832940515131, 2080327.892599381972104 ], [ 520168.668832940515131, 2080297.45010770088993 ], [ 520138.226341261819471, 2080297.45010770088993 ], [ 520138.226341261819471, 2080327.892599381972104 ] ] ] ] } },
{ "type": "Feature", "properties": { "DN": 1, "area_rai": 103 }, "geometry": { "type": "MultiPolygon", "coordinates": [ [ [ [ 520168.668832940515131, 2080784.529974598204717 ], [ 520199.111324619152583, 2080784.529974598204717 ], [ 520199.111324619152583, 2080662.76000787387602 ], [ 520259.996307976427488, 2080662.76000787387602 ], [ 520259.996307976427488, 2080601.875024511711672 ], [ 520320.881291333702393, 2080601.875024511711672 ], [ 520320.881291333702393, 2080632.317516192793846 ], [ 520351.323783012339845, 2080632.317516192793846 ], [ 520351.323783012339845, 2080693.202499554958194 ], [ 520442.651258048252203, 2080693.202499554958194 ], [ 520442.651258048252203, 2080723.644991236040369 ], [ 520473.093749726889655, 2080723.644991236040369 ], [ 520473.093749726889655, 2080754.087482917122543 ], [ 520503.536241405585315, 2080754.087482917122543 ], [ 520503.536241405585315, 2080784.529974598204717 ], [ 520625.306208120135125, 2080784.529974598204717 ], [ 520625.306208120135125, 2080754.087482917122543 ], [ 520716.633683156047482, 2080754.087482917122543 ], [ 520716.633683156047482, 2080723.644991236040369 ], [ 520686.19119147741003, 2080723.644991236040369 ], [ 520686.19119147741003, 2080693.202499554958194 ], [ 520655.748699798772577, 2080693.202499554958194 ], [ 520655.748699798772577, 2080662.76000787387602 ], [ 520625.306208120135125, 2080662.76000787387602 ], [ 520625.306208120135125, 2080632.317516192793846 ], [ 520594.863716441497672, 2080632.317516192793846 ], [ 520594.863716441497672, 2080571.432532830629498 ], [ 520533.978733084222768, 2080571.432532830629498 ], [ 520533.978733084222768, 2080540.990041149547324 ], [ 520473.093749726889655, 2080540.990041149547324 ], [ 520473.093749726889655, 2080510.547549468465149 ], [ 520442.651258048252203, 2080510.547549468465149 ], [ 520442.651258048252203, 2080480.105057787382975 ], [ 520412.20876636961475, 2080480.105057787382975 ], [ 520412.20876636961475, 2080419.220074425218627 ], [ 520381.766274690977298, 2080419.220074425218627 ], [ 520381.766274690977298, 2080388.777582744136453 ], [ 520351.323783012339845, 2080388.777582744136453 ], [ 520351.323783012339845, 2080297.45010770088993 ], [ 520168.668832940515131, 2080297.45010770088993 ], [ 520168.668832940515131, 2080267.007616019807756 ], [ 520138.226341261819471, 2080267.007616019807756 ], [ 520138.226341261819471, 2080236.565124338725582 ], [ 520046.898866225907113, 2080236.565124338725582 ], [ 520046.898866225907113, 2080267.007616019807756 ], [ 520016.456374547269661, 2080267.007616019807756 ], [ 520016.456374547269661, 2080297.45010770088993 ], [ 519955.571391189994756, 2080297.45010770088993 ], [ 519955.571391189994756, 2080327.892599381972104 ], [ 519864.243916154024191, 2080327.892599381972104 ], [ 519864.243916154024191, 2080358.335091063054278 ], [ 519803.358932796749286, 2080358.335091063054278 ], [ 519803.358932796749286, 2080388.777582744136453 ], [ 519864.243916154024191, 2080388.777582744136453 ], [ 519864.243916154024191, 2080419.220074425218627 ], [ 519955.571391189994756, 2080419.220074425218627 ], [ 519955.571391189994756, 2080388.777582744136453 ], [ 520107.783849583182018, 2080388.777582744136453 ], [ 520107.783849583182018, 2080419.220074425218627 ], [ 520138.226341261819471, 2080419.220074425218627 ], [ 520138.226341261819471, 2080449.662566106300801 ], [ 520168.668832940515131, 2080449.662566106300801 ], [ 520168.668832940515131, 2080480.105057787382975 ], [ 520199.111324619152583, 2080480.105057787382975 ], [ 520199.111324619152583, 2080601.875024511711672 ], [ 520138.226341261819471, 2080601.875024511711672 ], [ 520138.226341261819471, 2080662.76000787387602 ], [ 520168.668832940515131, 2080662.76000787387602 ], [ 520168.668832940515131, 2080784.529974598204717 ] ], [ [ 520533.978733084222768, 2080754.087482917122543 ], [ 520533.978733084222768, 2080693.202499554958194 ], [ 520655.748699798772577, 2080693.202499554958194 ], [ 520655.748699798772577, 2080723.644991236040369 ], [ 520564.42122476286022, 2080723.644991236040369 ], [ 520564.42122476286022, 2080754.087482917122543 ], [ 520533.978733084222768, 2080754.087482917122543 ] ], [ [ 520168.668832940515131, 2080358.335091063054278 ], [ 520168.668832940515131, 2080327.892599381972104 ], [ 520229.553816297790036, 2080327.892599381972104 ], [ 520229.553816297790036, 2080358.335091063054278 ], [ 520168.668832940515131, 2080358.335091063054278 ] ], [ [ 520138.226341261819471, 2080327.892599381972104 ], [ 520138.226341261819471, 2080297.45010770088993 ], [ 520168.668832940515131, 2080297.45010770088993 ], [ 520168.668832940515131, 2080327.892599381972104 ], [ 520138.226341261819471, 2080327.892599381972104 ] ] ] ] } },
{ "type": "Feature", "properties": { "DN": 1, "area_rai": 1 }, "geometry": { "type": "MultiPolygon", "coordinates": [ [ [ [ 519681.588966082199477, 2080297.45010770088993 ], [ 519712.031457760836929, 2080297.45010770088993 ], [ 519712.031457760836929, 2080267.007616019807756 ], [ 519681.588966082199477, 2080267.007616019807756 ], [ 519681.588966082199477, 2080297.45010770088993 ] ] ] ] } },
{ "type": "Feature", "properties": { "DN": 1, "area_rai": 10 }, "geometry": { "type": "MultiPolygon", "coordinates": [ [ [ [ 519224.951590902521275, 2080327.892599381972104 ], [ 519255.394082581158727, 2080327.892599381972104 ], [ 519255.394082581158727, 2080297.45010770088993 ], [ 519285.836574259854387, 2080297.45010770088993 ], [ 519285.836574259854387, 2080267.007616019807756 ], [ 519316.27906593849184, 2080267.007616019807756 ], [ 519316.27906593849184, 2080206.122632657643408 ], [ 519346.721557617129292, 2080206.122632657643408 ], [ 519346.721557617129292, 2080145.237649295479059 ], [ 519377.164049295766745, 2080145.237649295479059 ], [ 519377.164049295766745, 2080114.795157614396885 ], [ 519407.606540974404197, 2080114.795157614396885 ], [ 519407.606540974404197, 2080084.352665933314711 ], [ 519346.721557617129292, 2080084.352665933314711 ], [ 519346.721557617129292, 2080114.795157614396885 ], [ 519316.27906593849184, 2080114.795157614396885 ], [ 519316.27906593849184, 2080145.237649295479059 ], [ 519285.836574259854387, 2080145.237649295479059 ], [ 519285.836574259854387, 2080175.680140976561233 ], [ 519255.394082581158727, 2080175.680140976561233 ], [ 519255.394082581158727, 2080206.122632657643408 ], [ 519224.951590902521275, 2080206.122632657643408 ], [ 519224.951590902521275, 2080327.892599381972104 ] ] ] ] } },
{ "type": "Feature", "properties": { "DN": 1, "area_rai": 1 }, "geometry": { "type": "MultiPolygon", "coordinates": [ [ [ [ 519407.606540974404197, 2080084.352665933314711 ], [ 519468.491524331679102, 2080084.352665933314711 ], [ 519468.491524331679102, 2080053.910174252232537 ], [ 519407.606540974404197, 2080053.910174252232537 ], [ 519407.606540974404197, 2080084.352665933314711 ] ] ] ] } },
{ "type": "Feature", "properties": { "DN": 1, "area_rai": 1 }, "geometry": { "type": "MultiPolygon", "coordinates": [ [ [ [ 519529.376507688954007, 2080053.910174252232537 ], [ 519590.261491046287119, 2080053.910174252232537 ], [ 519590.261491046287119, 2080023.467682571150362 ], [ 519529.376507688954007, 2080023.467682571150362 ], [ 519529.376507688954007, 2080053.910174252232537 ] ] ] ] } },
{ "type": "Feature", "properties": { "DN": 1, "area_rai": 1 }, "geometry": { "type": "MultiPolygon", "coordinates": [ [ [ [ 519955.571391189994756, 2079993.025190889835358 ], [ 519986.013882868632209, 2079993.025190889835358 ], [ 519986.013882868632209, 2079962.582699208986014 ], [ 519955.571391189994756, 2079962.582699208986014 ], [ 519955.571391189994756, 2079993.025190889835358 ] ] ] ] } },
{ "type": "Feature", "properties": { "DN": 0, "area_rai": 1 }, "geometry": { "type": "MultiPolygon", "coordinates": [ [ [ [ 520929.731124906567857, 2079962.582699208986014 ], [ 520960.173616585205309, 2079962.582699208986014 ], [ 520960.173616585205309, 2079932.140207527671009 ], [ 520929.731124906567857, 2079932.140207527671009 ], [ 520929.731124906567857, 2079962.582699208986014 ] ] ] ] } },
{ "type": "Feature", "properties": { "DN": 1, "area_rai": 1 }, "geometry": { "type": "MultiPolygon", "coordinates": [ [ [ [ 520960.173616585205309, 2079962.582699208986014 ], [ 520990.616108263842762, 2079962.582699208986014 ], [ 520990.616108263842762, 2079932.140207527671009 ], [ 520960.173616585205309, 2079932.140207527671009 ], [ 520960.173616585205309, 2079962.582699208986014 ] ] ] ] } },
{ "type": "Feature", "properties": { "DN": 0, "area_rai": 1 }, "geometry": { "type": "MultiPolygon", "coordinates": [ [ [ [ 520960.173616585205309, 2079932.140207527671009 ], [ 521021.058599942480214, 2079932.140207527671009 ], [ 521021.058599942480214, 2079901.697715846821666 ], [ 520960.173616585205309, 2079901.697715846821666 ], [ 520960.173616585205309, 2079932.140207527671009 ] ] ] ] } },
{ "type": "Feature", "properties": { "DN": 1, "area_rai": 28 }, "geometry": { "type": "MultiPolygon", "coordinates": [ [ [ [ 519864.243916154024191, 2080053.910174252232537 ], [ 519894.686407832719851, 2080053.910174252232537 ], [ 519894.686407832719851, 2080023.467682571150362 ], [ 519925.128899511357304, 2080023.467682571150362 ], [ 519925.128899511357304, 2079871.255224165506661 ], [ 519894.686407832719851, 2079871.255224165506661 ], [ 519894.686407832719851, 2079840.812732484424487 ], [ 519742.473949439474382, 2079840.812732484424487 ], [ 519742.473949439474382, 2079871.255224165506661 ], [ 519712.031457760836929, 2079871.255224165506661 ], [ 519712.031457760836929, 2079901.697715846821666 ], [ 519681.588966082199477, 2079901.697715846821666 ], [ 519681.588966082199477, 2079932.140207527671009 ], [ 519651.146474403562024, 2079932.140207527671009 ], [ 519651.146474403562024, 2079962.582699208986014 ], [ 519620.703982724924572, 2079962.582699208986014 ], [ 519620.703982724924572, 2079993.025190889835358 ], [ 519590.261491046287119, 2079993.025190889835358 ], [ 519590.261491046287119, 2080023.467682571150362 ], [ 519651.146474403562024, 2080023.467682571150362 ], [ 519651.146474403562024, 2079993.025190889835358 ], [ 519742.473949439474382, 2079993.025190889835358 ], [ 519742.473949439474382, 2080023.467682571150362 ], [ 519864.243916154024191, 2080023.467682571150362 ], [ 519864.243916154024191, 2080053.910174252232537 ] ] ] ] } },
{ "type": "Feature", "properties": { "DN": 0, "area_rai": 39 }, "geometry": { "type": "MultiPolygon", "coordinates": [ [ [ [ 519925.128899511357304, 2079993.025190889835358 ], [ 519955.571391189994756, 2079993.025190889835358 ], [ 519955.571391189994756, 2079962.582699208986014 ], [ 520016.456374547269661, 2079962.582699208986014 ], [ 520016.456374547269661, 2079932.140207527671009 ], [ 520046.898866225907113, 2079932.140207527671009 ], [ 520046.898866225907113, 2079901.697715846821666 ], [ 520077.341357904544566, 2079901.697715846821666 ], [ 520077.341357904544566, 2079871.255224165506661 ], [ 520107.783849583182018, 2079871.255224165506661 ], [ 520107.783849583182018, 2079840.812732484424487 ], [ 520199.111324619152583, 2079840.812732484424487 ], [ 520199.111324619152583, 2079871.255224165506661 ], [ 520229.553816297790036, 2079871.255224165506661 ], [ 520229.553816297790036, 2079932.140207527671009 ], [ 520290.43879965506494, 2079932.140207527671009 ], [ 520290.43879965506494, 2079901.697715846821666 ], [ 520320.881291333702393, 2079901.697715846821666 ], [ 520320.881291333702393, 2079871.255224165506661 ], [ 520351.323783012339845, 2079871.255224165506661 ], [ 520351.323783012339845, 2079810.370240803342313 ], [ 520381.766274690977298, 2079810.370240803342313 ], [ 520381.766274690977298, 2079779.927749122260138 ], [ 520412.20876636961475, 2079779.927749122260138 ], [ 520412.20876636961475, 2079810.370240803342313 ], [ 520442.651258048252203, 2079810.370240803342313 ], [ 520442.651258048252203, 2079749.485257441177964 ], [ 520381.766274690977298, 2079749.485257441177964 ], [ 520381.766274690977298, 2079719.04276576009579 ], [ 520229.553816297790036, 2079719.04276576009579 ], [ 520229.553816297790036, 2079749.485257441177964 ], [ 520107.783849583182018, 2079749.485257441177964 ], [ 520107.783849583182018, 2079779.927749122260138 ], [ 520077.341357904544566, 2079779.927749122260138 ], [ 520077.341357904544566, 2079810.370240803342313 ], [ 520016.456374547269661, 2079810.370240803342313 ], [ 520016.456374547269661, 2079779.927749122260138 ], [ 519986.013882868632209, 2079779.927749122260138 ], [ 519986.013882868632209, 2079840.812732484424487 ], [ 519955.571391189994756, 2079840.812732484424487 ], [ 519955.571391189994756, 2079871.255224165506661 ], [ 519925.128899511357304, 2079871.255224165506661 ], [ 519925.128899511357304, 2079993.025190889835358 ] ] ] ] } },
{ "type": "Feature", "properties": { "DN": 1, "area_rai": 7 }, "geometry": { "type": "MultiPolygon", "coordinates": [ [ [ [ 520016.456374547269661, 2079962.582699208986014 ], [ 520077.341357904544566, 2079962.582699208986014 ], [ 520077.341357904544566, 2079932.140207527671009 ], [ 520107.783849583182018, 2079932.140207527671009 ], [ 520107.783849583182018, 2079901.697715846821666 ], [ 520229.553816297790036, 2079901.697715846821666 ], [ 520229.553816297790036, 2079871.255224165506661 ], [ 520199.111324619152583, 2079871.255224165506661 ], [ 520199.111324619152583, 2079840.812732484424487 ], [ 520107.783849583182018, 2079840.812732484424487 ], [ 520107.783849583182018, 2079871.255224165506661 ], [ 520077.341357904544566, 2079871.255224165506661 ], [ 520077.341357904544566, 2079901.697715846821666 ], [ 520046.898866225907113, 2079901.697715846821666 ], [ 520046.898866225907113, 2079932.140207527671009 ], [ 520016.456374547269661, 2079932.140207527671009 ], [ 520016.456374547269661, 2079962.582699208986014 ] ] ] ] } },
{ "type": "Feature", "properties": { "DN": 1, "area_rai": 5 }, "geometry": { "type": "MultiPolygon", "coordinates": [ [ [ [ 521021.058599942480214, 2079932.140207527671009 ], [ 521173.271058335725684, 2079932.140207527671009 ], [ 521173.271058335725684, 2079901.697715846821666 ], [ 521142.828566657088231, 2079901.697715846821666 ], [ 521142.828566657088231, 2079871.255224165506661 ], [ 521112.386074978450779, 2079871.255224165506661 ], [ 521112.386074978450779, 2079840.812732484424487 ], [ 521081.943583299813326, 2079840.812732484424487 ], [ 521081.943583299813326, 2079901.697715846821666 ], [ 521021.058599942480214, 2079901.697715846821666 ], [ 521021.058599942480214, 2079932.140207527671009 ] ] ] ] } },
{ "type": "Feature", "properties": { "DN": 0, "area_rai": 2 }, "geometry": { "type": "MultiPolygon", "coordinates": [ [ [ [ 521021.058599942480214, 2079901.697715846821666 ], [ 521081.943583299813326, 2079901.697715846821666 ], [ 521081.943583299813326, 2079840.812732484424487 ], [ 521021.058599942480214, 2079840.812732484424487 ], [ 521021.058599942480214, 2079901.697715846821666 ] ] ] ] } },
{ "type": "Feature", "properties": { "DN": 0, "area_rai": 1 }, "geometry": { "type": "MultiPolygon", "coordinates": [ [ [ [ 519894.686407832719851, 2079871.255224165506661 ], [ 519925.128899511357304, 2079871.255224165506661 ], [ 519925.128899511357304, 2079840.812732484424487 ], [ 519894.686407832719851, 2079840.812732484424487 ], [ 519894.686407832719851, 2079871.255224165506661 ] ] ] ] } },
{ "type": "Feature", "properties": { "DN": 1, "area_rai": 4 }, "geometry": { "type": "MultiPolygon", "coordinates": [ [ [ [ 520960.173616585205309, 2079901.697715846821666 ], [ 521021.058599942480214, 2079901.697715846821666 ], [ 521021.058599942480214, 2079840.812732484424487 ], [ 520990.616108263842762, 2079840.812732484424487 ], [ 520990.616108263842762, 2079810.370240803342313 ], [ 520929.731124906567857, 2079810.370240803342313 ], [ 520929.731124906567857, 2079871.255224165506661 ], [ 520960.173616585205309, 2079871.255224165506661 ], [ 520960.173616585205309, 2079901.697715846821666 ] ] ] ] } },
{ "type": "Feature", "properties": { "DN": 1, "area_rai": 1 }, "geometry": { "type": "MultiPolygon", "coordinates": [ [ [ [ 520351.323783012339845, 2079840.812732484424487 ], [ 520381.766274690977298, 2079840.812732484424487 ], [ 520381.766274690977298, 2079810.370240803342313 ], [ 520351.323783012339845, 2079810.370240803342313 ], [ 520351.323783012339845, 2079840.812732484424487 ] ] ] ] } },
{ "type": "Feature", "properties": { "DN": 1, "area_rai": 1 }, "geometry": { "type": "MultiPolygon", "coordinates": [ [ [ [ 520016.456374547269661, 2079810.370240803342313 ], [ 520077.341357904544566, 2079810.370240803342313 ], [ 520077.341357904544566, 2079779.927749122260138 ], [ 520016.456374547269661, 2079779.927749122260138 ], [ 520016.456374547269661, 2079810.370240803342313 ] ] ] ] } },
{ "type": "Feature", "properties": { "DN": 1, "area_rai": 1 }, "geometry": { "type": "MultiPolygon", "coordinates": [ [ [ [ 520381.766274690977298, 2079810.370240803342313 ], [ 520412.20876636961475, 2079810.370240803342313 ], [ 520412.20876636961475, 2079779.927749122260138 ], [ 520381.766274690977298, 2079779.927749122260138 ], [ 520381.766274690977298, 2079810.370240803342313 ] ] ] ] } },
{ "type": "Feature", "properties": { "DN": 1, "area_rai": 25 }, "geometry": { "type": "MultiPolygon", "coordinates": [ [ [ [ 520868.846141549292952, 2079962.582699208986014 ], [ 520929.731124906567857, 2079962.582699208986014 ], [ 520929.731124906567857, 2079932.140207527671009 ], [ 520960.173616585205309, 2079932.140207527671009 ], [ 520960.173616585205309, 2079901.697715846821666 ], [ 520868.846141549292952, 2079901.697715846821666 ], [ 520868.846141549292952, 2079871.255224165506661 ], [ 520777.518666513380595, 2079871.255224165506661 ], [ 520777.518666513380595, 2079840.812732484424487 ], [ 520747.076174834684934, 2079840.812732484424487 ], [ 520747.076174834684934, 2079779.927749122260138 ], [ 520686.19119147741003, 2079779.927749122260138 ], [ 520686.19119147741003, 2079749.485257441177964 ], [ 520564.42122476286022, 2079749.485257441177964 ], [ 520564.42122476286022, 2079719.04276576009579 ], [ 520442.651258048252203, 2079719.04276576009579 ], [ 520442.651258048252203, 2079688.600274079013616 ], [ 520320.881291333702393, 2079688.600274079013616 ], [ 520320.881291333702393, 2079719.04276576009579 ], [ 520381.766274690977298, 2079719.04276576009579 ], [ 520381.766274690977298, 2079749.485257441177964 ], [ 520442.651258048252203, 2079749.485257441177964 ], [ 520442.651258048252203, 2079810.370240803342313 ], [ 520655.748699798772577, 2079810.370240803342313 ], [ 520655.748699798772577, 2079840.812732484424487 ], [ 520716.633683156047482, 2079840.812732484424487 ], [ 520716.633683156047482, 2079871.255224165506661 ], [ 520747.076174834684934, 2079871.255224165506661 ], [ 520747.076174834684934, 2079901.697715846821666 ], [ 520838.403649870655499, 2079901.697715846821666 ], [ 520838.403649870655499, 2079932.140207527671009 ], [ 520868.846141549292952, 2079932.140207527671009 ], [ 520868.846141549292952, 2079962.582699208986014 ] ] ] ] } },
{ "type": "Feature", "properties": { "DN": 1, "area_rai": 1 }, "geometry": { "type": "MultiPolygon", "coordinates": [ [ [ [ 520625.306208120135125, 2079566.830307354684919 ], [ 520655.748699798772577, 2079566.830307354684919 ], [ 520655.748699798772577, 2079505.945323992520571 ], [ 520625.306208120135125, 2079505.945323992520571 ], [ 520625.306208120135125, 2079566.830307354684919 ] ] ] ] } },
{ "type": "Feature", "properties": { "DN": 1, "area_rai": 35 }, "geometry": { "type": "MultiPolygon", "coordinates": [ [ [ [ 520938.091301784617826, 2079437.865355567773804 ], [ 520901.86183001921745, 2079429.082510479260236 ], [ 520838.403649870655499, 2079418.506235848879442 ], [ 520838.403649870655499, 2079445.060340630356222 ], [ 520807.961158192018047, 2079445.060340630356222 ], [ 520807.961158192018047, 2079475.502832311438397 ], [ 520747.076174834684934, 2079475.502832311438397 ], [ 520747.076174834684934, 2079536.387815673602745 ], [ 520807.961158192018047, 2079536.387815673602745 ], [ 520807.961158192018047, 2079597.272799035767093 ], [ 520838.403649870655499, 2079597.272799035767093 ], [ 520838.403649870655499, 2079627.715290716849267 ], [ 520807.961158192018047, 2079627.715290716849267 ], [ 520807.961158192018047, 2079688.600274079013616 ], [ 520777.518666513380595, 2079688.600274079013616 ], [ 520777.518666513380595, 2079719.04276576009579 ], [ 520747.076174834684934, 2079719.04276576009579 ], [ 520747.076174834684934, 2079749.485257441177964 ], [ 520777.518666513380595, 2079749.485257441177964 ], [ 520777.518666513380595, 2079779.927749122260138 ], [ 520807.961158192018047, 2079779.927749122260138 ], [ 520807.961158192018047, 2079749.485257441177964 ], [ 520838.403649870655499, 2079749.485257441177964 ], [ 520838.403649870655499, 2079719.04276576009579 ], [ 520868.846141549292952, 2079719.04276576009579 ], [ 520868.846141549292952, 2079566.830307354684919 ], [ 520838.403649870655499, 2079566.830307354684919 ], [ 520838.403649870655499, 2079475.502832311438397 ], [ 520868.846141549292952, 2079475.502832311438397 ], [ 520868.846141549292952, 2079445.060340630356222 ], [ 520954.399545006628614, 2079445.060340630356222 ], [ 520938.091301784617826, 2079437.865355567773804 ] ] ] ] } },
{ "type": "Feature", "properties": { "DN": 0, "area_rai": 123 }, "geometry": { "type": "MultiPolygon", "coordinates": [ [ [ [ 520829.401950357074384, 2079417.005965182790533 ], [ 520787.682812908664346, 2079412.614647170295939 ], [ 520655.748699798772577, 2079388.947791252750903 ], [ 520655.748699798772577, 2079414.617848949274048 ], [ 520686.19119147741003, 2079414.617848949274048 ], [ 520686.19119147741003, 2079475.502832311438397 ], [ 520655.748699798772577, 2079475.502832311438397 ], [ 520655.748699798772577, 2079566.830307354684919 ], [ 520625.306208120135125, 2079566.830307354684919 ], [ 520625.306208120135125, 2079627.715290716849267 ], [ 520655.748699798772577, 2079627.715290716849267 ], [ 520655.748699798772577, 2079688.600274079013616 ], [ 520594.863716441497672, 2079688.600274079013616 ], [ 520594.863716441497672, 2079658.157782397931442 ], [ 520473.093749726889655, 2079658.157782397931442 ], [ 520473.093749726889655, 2079688.600274079013616 ], [ 520442.651258048252203, 2079688.600274079013616 ], [ 520442.651258048252203, 2079719.04276576009579 ], [ 520564.42122476286022, 2079719.04276576009579 ], [ 520564.42122476286022, 2079749.485257441177964 ], [ 520686.19119147741003, 2079749.485257441177964 ], [ 520686.19119147741003, 2079779.927749122260138 ], [ 520747.076174834684934, 2079779.927749122260138 ], [ 520747.076174834684934, 2079840.812732484424487 ], [ 520777.518666513380595, 2079840.812732484424487 ], [ 520777.518666513380595, 2079871.255224165506661 ], [ 520868.846141549292952, 2079871.255224165506661 ], [ 520868.846141549292952, 2079901.697715846821666 ], [ 520960.173616585205309, 2079901.697715846821666 ], [ 520960.173616585205309, 2079871.255224165506661 ], [ 520929.731124906567857, 2079871.255224165506661 ], [ 520929.731124906567857, 2079779.927749122260138 ], [ 520899.288633227930404, 2079779.927749122260138 ], [ 520899.288633227930404, 2079719.04276576009579 ], [ 520838.403649870655499, 2079719.04276576009579 ], [ 520838.403649870655499, 2079749.485257441177964 ], [ 520807.961158192018047, 2079749.485257441177964 ], [ 520807.961158192018047, 2079779.927749122260138 ], [ 520777.518666513380595, 2079779.927749122260138 ], [ 520777.518666513380595, 2079749.485257441177964 ], [ 520747.076174834684934, 2079749.485257441177964 ], [ 520747.076174834684934, 2079719.04276576009579 ], [ 520777.518666513380595, 2079719.04276576009579 ], [ 520777.518666513380595, 2079688.600274079013616 ], [ 520807.961158192018047, 2079688.600274079013616 ], [ 520807.961158192018047, 2079627.715290716849267 ], [ 520838.403649870655499, 2079627.715290716849267 ], [ 520838.403649870655499, 2079597.272799035767093 ], [ 520807.961158192018047, 2079597.272799035767093 ], [ 520807.961158192018047, 2079536.387815673602745 ], [ 520747.076174834684934, 2079536.387815673602745 ], [ 520747.076174834684934, 2079475.502832311438397 ], [ 520807.961158192018047, 2079475.502832311438397 ], [ 520807.961158192018047, 2079445.060340630356222 ], [ 520838.403649870655499, 2079445.060340630356222 ], [ 520838.403649870655499, 2079418.506235848879442 ], [ 520829.401950357074384, 2079417.005965182790533 ] ] ] ] } }
]
}
